Date,Open,High,Low,Close
2010-01-04,49.45,49.64,49.25,49.54
2010-01-05,48.38,48.39,48.01,48.2
2010-01-06,47.57,48.05,47.36,47.6
2010-01-07,47.1,47.22,46.75,46.98
2010-01-08,47.6,48.13,47.35,48.07
2010-01-11,48.39,48.41,48.08,48.27
2010-01-12,47.92,48.18,47.8,47.88
2010-01-13,48.22,48.29,47.8,48.05
2010-01-14,48.36,48.6,48.24,48.53
2010-01-15,48.1,48.13,47.7,47.95
2010-01-19,47.94,48.68,47.85,48.65
2010-01-20,48.15,48.2,47.91,48.12
2010-01-21,48.89,49.5,48.4,48.8
2010-01-22,48.35,48.7,47.95,48.02
2010-01-25,48.72,48.9,48.18,48.31
2010-01-26,47.61,48.01,47.5,47.62
2010-01-27,47.97,48.38,47.9,48.37
2010-01-28,48.53,48.62,47.87,48.4
2010-01-29,48.05,48.8,47.32,47.51
2010-02-01,47.65,48.15,47.65,48.15
2010-02-02,48.31,48.43,48.11,48.39
2010-02-03,48.3,48.33,47.95,48.24
2010-02-04,47.25,47.25,46.43,46.45
2010-02-05,45.4,45.45,44.43,45.15
2010-02-08,45.9,46.4,45.65,45.8
2010-02-09,45.85,46.65,45.63,46.46
2010-02-10,46.11,46.3,45.62,46.0
2010-02-11,46.0,46.74,45.7,46.74
2010-02-12,47.05,47.05,45.5,46.75
2010-02-16,47.01,47.65,46.89,47.56
2010-02-17,47.51,47.64,47.33,47.55
2010-02-18,47.44,47.8,47.35,47.35
2010-02-19,48.6,48.95,48.27,48.8
2010-02-22,48.88,48.96,48.56,48.7
2010-02-23,48.85,49.13,48.58,48.6
2010-02-24,49.14,49.7,49.06,49.4
2010-02-25,48.45,49.2,48.43,49.19
2010-02-26,49.18,50.0,49.05,49.74
2010-03-01,49.69,49.98,49.4,49.94
2010-03-02,50.43,50.55,50.13,50.45
2010-03-03,50.15,50.15,47.0,49.74
2010-03-04,50.25,50.3,49.7,50.13
2010-03-05,49.25,50.15,49.05,49.43
2010-03-08,49.26,49.6,49.22,49.41
2010-03-09,49.72,50.0,49.61,49.87
2010-03-10,50.16,50.55,50.0,50.21
2010-03-11,50.15,50.5,49.95,50.43
2010-03-12,50.75,51.0,50.6,50.82
2010-03-15,50.5,50.85,50.39,50.66
2010-03-16,51.3,51.6,51.17,51.5
2010-03-17,51.35,51.63,51.3,51.4
2010-03-18,51.3,51.35,50.75,51.18
2010-03-19,50.76,50.88,50.08,50.36
2010-03-22,50.15,51.15,50.05,50.97
2010-03-23,50.86,51.15,50.69,50.9
2010-03-24,50.25,50.85,50.04,50.04
2010-03-25,50.35,50.7,50.12,50.19
2010-03-26,50.3,51.1,49.27,50.23
2010-03-29,50.44,50.68,50.42,50.55
2010-03-30,50.75,50.75,50.46,50.57
2010-03-31,50.91,51.43,50.9,51.2
2010-04-01,51.35,51.55,50.91,51.03
2010-04-05,51.0,51.05,50.75,50.78
2010-04-06,49.95,50.34,49.75,50.21
2010-04-07,50.05,50.09,49.68,49.75
2010-04-08,49.19,49.44,49.01,49.35
2010-04-09,49.55,50.02,49.42,50.02
2010-04-12,50.4,50.47,50.13,50.25
2010-04-13,50.26,50.44,49.93,50.3
2010-04-14,50.65,50.95,50.62,50.72
2010-04-15,50.34,50.79,50.25,50.74
2010-04-16,50.05,50.25,49.65,50.05
2010-04-19,48.24,48.48,48.05,48.48
2010-04-20,49.06,49.26,48.75,48.95
2010-04-21,48.61,48.95,48.47,48.84
2010-04-22,49.43,49.43,48.86,49.35
2010-04-23,48.83,49.74,48.83,49.73
2010-04-26,49.8,49.95,49.7,49.85
2010-04-27,49.35,49.76,48.01,48.15
2010-04-28,48.35,48.45,47.22,47.74
2010-04-29,48.74,48.99,48.55,48.86
2010-04-30,48.95,49.14,48.64,48.9
2010-05-03,48.69,48.75,48.29,48.62
2010-05-04,48.25,48.25,47.5,47.68
2010-05-05,47.0,47.49,46.55,46.82
2010-05-06,46.65,47.2,45.0,46.43
2010-05-07,46.05,46.12,44.6,45.25
2010-05-10,46.8,46.99,46.09,46.31
2010-05-11,46.75,47.78,46.75,47.39
2010-05-12,47.95,48.28,47.77,48.17
2010-05-13,47.95,48.19,47.55,47.55
2010-05-14,47.1,47.22,46.09,46.8
2010-05-17,46.9,47.11,46.3,46.8
2010-05-18,47.1,47.38,45.88,46.05
2010-05-19,46.09,46.5,45.6,46.43
2010-05-20,45.7,45.8,44.85,45.25
2010-05-21,44.59,45.1,44.22,45.04
2010-05-24,44.65,44.65,44.15,44.2
2010-05-25,43.51,44.64,43.36,44.61
2010-05-26,44.3,44.73,43.83,43.94
2010-05-27,44.82,45.65,44.5,45.65
2010-05-28,45.5,45.84,44.75,45.14
2010-06-01,45.14,46.35,45.14,45.4
2010-06-02,45.74,46.85,45.74,46.84
2010-06-03,46.5,46.74,45.43,46.54
2010-06-04,46.0,46.35,38.9,45.79
2010-06-07,45.95,46.35,45.68,45.7
2010-06-08,46.35,46.8,46.15,46.65
2010-06-09,47.15,47.43,46.52,46.67
2010-06-10,47.35,47.66,47.08,47.64
2010-06-11,46.74,47.17,46.67,47.12
2010-06-14,47.45,47.61,47.06,47.07
2010-06-15,47.65,47.92,47.47,47.8
2010-06-16,47.35,47.7,47.09,47.5
2010-06-17,48.07,48.4,47.97,48.33
2010-06-18,47.9,48.1,47.73,47.78
2010-06-21,48.24,48.34,47.55,47.7
2010-06-22,47.94,48.33,47.6,47.65
2010-06-23,47.51,47.72,46.97,47.45
2010-06-24,47.75,48.04,47.45,47.63
2010-06-25,47.63,47.9,47.4,47.45
2010-06-28,48.75,48.95,48.36,48.48
2010-06-29,48.46,48.6,48.15,48.39
2010-06-30,48.2,48.66,47.95,48.24
2010-07-01,48.5,48.72,47.2,47.44
2010-07-02,47.3,47.51,47.18,47.24
2010-07-06,48.05,48.49,47.93,48.35
2010-07-07,48.51,49.3,48.23,49.25
2010-07-08,49.45,49.61,49.11,49.49
2010-07-09,49.15,49.38,48.91,49.3
2010-07-12,48.95,49.55,48.9,49.36
2010-07-13,50.11,50.3,49.9,50.01
2010-07-14,49.93,50.6,49.89,50.46
2010-07-15,51.0,51.5,50.7,51.41
2010-07-16,51.15,51.18,50.21,50.37
2010-07-19,50.55,50.65,50.06,50.37
2010-07-20,49.8,50.65,49.8,50.6
2010-07-21,50.75,50.92,50.3,50.35
2010-07-22,51.3,51.77,51.15,51.25
2010-07-23,50.9,51.1,50.56,50.85
2010-07-26,50.8,51.1,50.75,51.0
2010-07-27,49.68,49.96,46.75,49.55
2010-07-28,49.52,49.75,49.42,49.58
2010-07-29,49.85,50.0,49.41,49.52
2010-07-30,49.25,49.58,49.2,49.35
2010-08-02,49.75,50.32,49.67,50.0
2010-08-03,49.75,50.09,49.59,50.08
2010-08-04,49.78,50.05,49.33,49.59
2010-08-05,49.0,49.2,48.5,48.53
2010-08-06,48.7,49.75,48.4,49.03
2010-08-09,48.8,49.0,48.57,48.76
2010-08-10,48.32,49.44,48.25,49.17
2010-08-11,49.1,49.17,48.45,48.65
2010-08-12,49.58,50.17,49.5,49.9
2010-08-13,49.85,50.25,49.8,50.0
2010-08-16,50.45,51.1,50.41,50.8
2010-08-17,50.59,51.0,50.4,50.76
2010-08-18,51.03,51.31,50.93,51.18
2010-08-19,51.46,51.6,51.13,51.33
2010-08-20,50.4,50.5,50.08,50.24
2010-08-23,50.49,50.65,50.27,50.27
2010-08-24,49.85,50.65,49.85,50.4
2010-08-25,50.56,50.7,50.35,50.6
2010-08-26,50.95,51.25,50.62,50.72
2010-08-27,51.0,51.14,50.6,50.91
2010-08-30,51.25,51.5,50.91,51.05
2010-08-31,51.33,51.85,51.29,51.55
2010-09-01,52.45,52.95,52.45,52.76
2010-09-02,52.9,53.25,52.89,53.11
2010-09-03,52.73,53.0,52.6,52.84
2010-09-07,53.05,53.22,52.75,52.77
2010-09-08,53.15,53.45,53.09,53.21
2010-09-09,53.15,53.25,49.99,53.01
2010-09-10,52.36,52.73,52.3,52.62
2010-09-13,52.84,53.1,52.6,52.93
2010-09-14,53.32,53.97,53.27,53.72
2010-09-15,53.0,53.14,52.81,53.0
2010-09-16,52.2,52.4,51.89,52.01
2010-09-17,51.97,52.1,51.5,51.6
2010-09-20,52.32,52.77,52.3,52.59
2010-09-21,52.37,52.68,52.0,52.46
2010-09-22,53.15,53.39,53.11,53.31
2010-09-23,53.08,53.43,52.85,52.95
2010-09-24,53.6,53.73,53.36,53.5
2010-09-27,53.75,53.9,53.67,53.75
2010-09-28,53.88,54.25,53.66,54.24
2010-09-29,54.01,54.08,53.67,53.81
2010-09-30,53.95,54.0,53.2,53.43
2010-10-01,53.57,53.8,53.28,53.78
2010-10-04,53.51,53.65,53.4,53.6
2010-10-05,53.66,54.57,53.66,54.38
2010-10-06,54.67,54.9,54.5,54.8
2010-10-07,55.01,55.07,54.35,54.77
2010-10-08,54.45,54.73,54.41,54.48
2010-10-11,54.4,54.4,54.0,54.13
2010-10-12,54.6,55.0,54.45,54.72
2010-10-13,55.06,55.07,54.55,54.69
2010-10-14,55.05,55.07,54.65,54.86
2010-10-15,54.8,54.8,54.3,54.51
2010-10-18,54.35,54.65,54.35,54.65
2010-10-19,53.4,54.53,53.15,53.4
2010-10-20,53.8,54.38,53.8,54.3
2010-10-21,54.71,55.22,54.71,55.22
2010-10-22,54.65,54.65,53.82,53.87
2010-10-25,54.81,54.95,54.57,54.78
2010-10-26,54.19,54.21,53.71,54.19
2010-10-27,54.0,54.0,53.51,53.82
2010-10-28,54.55,54.64,54.44,54.55
2010-10-29,54.55,54.87,54.47,54.85
2010-11-01,54.57,54.64,54.05,54.4
2010-11-02,55.0,55.56,55.0,55.44
2010-11-03,55.41,56.16,55.25,56.16
2010-11-04,57.34,58.1,57.2,58.04
2010-11-05,57.97,58.3,57.9,58.25
2010-11-08,58.0,58.2,57.54,57.67
2010-11-09,58.01,58.11,56.8,56.95
2010-11-10,56.8,56.95,56.33,56.67
2010-11-11,56.67,56.8,56.0,56.28
2010-11-12,56.12,56.4,55.8,56.04
2010-11-15,56.24,56.37,55.8,55.89
2010-11-16,55.77,55.8,54.65,54.83
2010-11-17,54.73,55.14,54.73,54.96
2010-11-18,55.95,56.18,55.65,55.78
2010-11-19,55.8,56.29,55.37,56.29
2010-11-22,56.08,56.25,55.72,56.07
2010-11-23,55.45,55.58,54.71,54.97
2010-11-24,55.39,55.86,55.38,55.8
2010-11-26,56.36,56.69,56.35,56.53
2010-11-29,56.0,56.12,55.5,56.09
2010-11-30,54.78,55.05,54.54,54.73
2010-12-01,54.75,55.2,54.63,55.03
2010-12-02,55.32,56.15,55.32,56.07
2010-12-03,56.45,56.75,56.21,56.7
2010-12-06,56.1,56.21,55.72,56.06
2010-12-07,56.61,56.69,55.77,55.82
2010-12-08,56.11,56.42,55.84,56.28
2010-12-09,56.5,56.54,56.17,56.43
2010-12-10,56.35,56.82,56.33,56.8
2010-12-13,57.33,57.85,57.25,57.58
2010-12-14,57.85,58.5,57.85,58.14
2010-12-15,57.9,58.07,57.15,57.15
2010-12-16,57.56,57.99,57.36,57.94
2010-12-17,58.05,58.16,57.63,57.7
2010-12-20,57.9,57.97,57.63,57.85
2010-12-21,58.4,58.66,58.28,58.49
2010-12-22,58.76,59.15,58.74,58.87
2010-12-23,58.83,58.99,58.5,58.99
2010-12-27,58.5,58.95,58.44,58.95
2010-12-28,59.43,59.61,59.15,59.36
2010-12-29,59.22,59.47,59.13,59.28
2010-12-30,58.9,58.94,58.31,58.33
2010-12-31,58.4,59.49,58.4,58.82
2011-01-03,59.15,59.4,59.02,59.31
2011-01-04,58.14,58.15,56.64,57.67
2011-01-05,56.11,56.5,55.72,56.2
2011-01-06,55.91,55.99,55.37,55.5
2011-01-07,55.72,55.9,55.41,55.62
2011-01-10,55.25,55.38,54.92,55.36
2011-01-11,55.58,55.7,55.05,55.29
2011-01-12,55.54,55.55,55.14,55.53
2011-01-13,54.45,54.5,53.76,53.82
2011-01-14,53.57,54.05,53.49,53.79
2011-01-18,54.53,54.84,54.29,54.44
2011-01-19,55.16,55.27,54.86,54.93
2011-01-20,54.43,54.45,53.97,54.26
2011-01-21,54.99,55.06,54.63,54.89
2011-01-24,55.15,56.06,55.02,55.97
2011-01-25,55.72,56.05,55.55,56.0
2011-01-26,55.3,55.45,55.07,55.33
2011-01-27,54.26,54.9,54.15,54.47
2011-01-28,54.85,55.08,54.1,54.17
2011-01-31,54.37,54.62,54.02,54.22
2011-02-01,55.14,55.35,54.83,55.2
2011-02-02,55.22,55.33,54.8,55.0
2011-02-03,54.77,55.04,54.43,55.0
2011-02-04,54.18,54.5,53.79,54.45
2011-02-07,54.1,54.27,53.94,54.0
2011-02-08,53.89,53.89,53.23,53.43
2011-02-09,52.99,53.14,52.7,52.87
2011-02-10,53.1,53.22,52.85,53.15
2011-02-11,52.84,53.45,52.76,53.44
2011-02-14,53.23,53.4,53.1,53.4
2011-02-15,53.92,54.31,53.86,54.31
2011-02-16,54.1,54.89,54.0,54.72
2011-02-17,55.6,55.78,55.4,55.73
2011-02-18,54.98,55.44,54.8,55.39
2011-02-22,55.82,56.05,55.6,55.65
2011-02-23,56.39,56.85,56.3,56.71
2011-02-24,56.62,56.9,56.5,56.78
2011-02-25,56.47,56.48,56.18,56.4
2011-02-28,56.82,56.82,56.47,56.62
2011-03-01,56.82,56.88,56.36,56.46
2011-03-02,56.64,57.14,56.64,56.95
2011-03-03,56.51,56.9,56.2,56.84
2011-03-04,56.51,56.68,55.8,55.98
2011-03-07,56.15,56.3,55.7,55.86
2011-03-08,55.72,55.92,55.47,55.51
2011-03-09,55.94,56.03,55.51,55.67
2011-03-10,55.44,55.59,55.15,55.21
2011-03-11,55.35,55.74,55.35,55.54
2011-03-14,55.45,55.6,55.23,55.43
2011-03-15,53.64,54.1,53.41,53.86
2011-03-16,53.98,54.05,53.25,53.66
2011-03-17,55.2,55.38,54.71,55.33
2011-03-18,55.27,55.36,54.88,55.01
2011-03-21,56.05,56.48,55.88,56.32
2011-03-22,55.8,55.88,55.53,55.86
2011-03-23,56.55,57.0,56.2,56.91
2011-03-24,56.72,57.32,56.7,57.02
2011-03-25,56.62,56.95,56.62,56.77
2011-03-28,56.76,57.2,56.76,57.1
2011-03-29,57.16,57.23,56.94,57.23
2011-03-30,57.32,58.06,57.16,57.99
2011-03-31,57.84,57.97,57.48,57.48
2011-04-01,56.81,57.39,56.49,57.26
2011-04-04,57.75,57.91,52.72,57.56
2011-04-05,57.32,57.76,57.27,57.68
2011-04-06,57.88,58.13,57.68,58.08
2011-04-07,58.0,58.05,57.75,57.99
2011-04-08,58.3,58.4,58.16,58.29
2011-04-11,58.39,58.55,58.28,58.48
2011-04-12,58.55,58.73,58.35,58.61
2011-04-13,58.81,59.2,58.6,58.73
2011-04-14,59.76,59.91,59.55,59.8
2011-04-15,60.44,61.15,60.33,61.14
2011-04-18,58.45,58.6,57.85,58.4
2011-04-19,59.22,59.55,59.17,59.49
2011-04-20,60.38,60.46,60.2,60.4
2011-04-21,61.08,61.24,60.56,61.09
2011-04-25,61.06,61.43,61.06,61.42
2011-04-26,61.45,61.7,61.32,61.61
2011-04-27,61.38,62.0,60.95,61.85
2011-04-28,61.14,61.6,61.04,61.58
2011-04-29,61.95,62.3,61.91,62.2
2011-05-02,62.37,62.77,62.34,62.47
2011-05-03,62.54,63.0,62.54,62.85
2011-05-04,62.91,63.11,62.69,62.74
2011-05-05,62.04,62.18,61.75,61.91
2011-05-06,62.04,62.22,61.17,61.42
2011-05-09,61.5,62.02,61.42,61.85
2011-05-10,61.5,61.63,61.21,61.35
2011-05-11,61.15,61.37,60.5,60.66
2011-05-12,61.22,61.98,61.06,61.9
2011-05-13,61.7,61.94,61.05,61.35
2011-05-16,61.99,62.19,61.63,61.75
2011-05-17,61.45,62.07,61.36,61.75
2011-05-18,61.9,62.5,61.83,62.3
2011-05-19,61.86,62.43,61.86,62.42
2011-05-20,62.44,62.51,62.09,62.25
2011-05-23,61.57,62.01,61.57,61.95
2011-05-24,62.08,62.31,61.93,62.0
2011-05-25,62.07,62.65,62.07,62.36
2011-05-26,62.96,63.4,62.73,63.31
2011-05-27,63.55,63.99,63.43,63.85
2011-05-31,64.57,64.62,64.1,64.33
2011-06-01,65.2,65.53,63.33,63.59
2011-06-02,63.56,64.35,63.56,64.25
2011-06-03,64.95,65.01,64.6,64.8
2011-06-06,64.57,64.58,64.21,64.23
2011-06-07,64.12,64.15,63.6,63.77
2011-06-08,63.89,63.99,63.5,63.55
2011-06-09,63.19,63.49,63.07,63.39
2011-06-10,63.05,63.05,62.45,62.5
2011-06-13,62.85,63.0,62.8,62.83
2011-06-14,62.89,63.16,62.81,62.83
2011-06-15,62.28,62.36,61.2,61.35
2011-06-16,61.58,61.88,61.25,61.46
2011-06-17,62.04,62.17,61.65,61.88
2011-06-20,62.29,62.81,62.21,62.35
2011-06-21,62.44,62.68,62.23,62.56
2011-06-22,61.7,62.36,61.61,61.85
2011-06-23,61.6,61.79,61.0,61.64
2011-06-24,61.93,62.01,61.56,61.7
2011-06-27,62.04,62.56,61.76,62.06
2011-06-28,62.4,62.67,62.0,62.19
2011-06-29,61.59,62.1,61.34,61.94
2011-06-30,61.91,62.38,61.6,62.38
2011-07-01,61.99,62.34,61.63,62.23
2011-07-05,62.68,63.39,62.6,63.1
2011-07-06,63.02,63.27,62.61,62.85
2011-07-07,62.59,62.9,62.48,62.67
2011-07-08,62.96,63.1,62.55,63.01
2011-07-11,62.51,62.51,62.15,62.29
2011-07-12,62.25,62.8,62.25,62.3
2011-07-13,62.4,62.9,62.22,62.7
2011-07-14,63.38,63.5,62.9,62.96
2011-07-15,63.08,63.3,62.68,63.3
2011-07-18,61.92,62.07,61.5,61.91
2011-07-19,62.07,62.63,61.87,62.12
2011-07-20,62.61,62.64,62.15,62.42
2011-07-21,62.85,63.54,62.72,63.29
2011-07-22,63.2,63.5,62.85,63.45
2011-07-25,64.83,65.12,64.32,64.36
2011-07-26,64.57,64.8,64.36,64.49
2011-07-27,64.42,64.42,63.4,63.59
2011-07-28,63.4,63.64,63.18,63.21
2011-07-29,63.45,64.3,63.35,63.75
2011-08-01,64.6,64.85,63.8,63.9
2011-08-02,63.68,64.63,63.68,64.2
2011-08-03,64.01,64.35,63.35,63.97
2011-08-04,64.19,64.25,61.65,61.75
2011-08-05,62.31,62.65,60.77,62.2
2011-08-08,60.81,61.53,59.72,59.72
2011-08-09,62.1,64.45,61.29,63.9
2011-08-10,64.65,64.7,61.11,62.68
2011-08-11,60.07,62.79,59.89,62.45
2011-08-12,64.05,64.3,62.69,63.49
2011-08-15,62.38,63.22,62.32,62.82
2011-08-16,63.44,63.78,62.68,63.05
2011-08-17,64.05,64.7,63.9,64.3
2011-08-18,62.5,62.8,61.65,62.35
2011-08-19,61.08,62.35,60.7,60.99
2011-08-22,63.19,63.25,61.69,61.71
2011-08-23,62.52,63.01,62.15,62.74
2011-08-24,63.42,64.09,62.75,63.35
2011-08-25,62.46,62.83,61.55,62.25
2011-08-26,61.77,62.4,61.24,62.18
2011-08-29,61.85,62.57,61.37,62.55
2011-08-30,60.86,60.92,60.35,60.63
2011-08-31,61.43,62.37,61.36,62.08
2011-09-01,62.51,62.95,62.4,62.46
2011-09-02,63.15,63.47,62.45,62.6
2011-09-06,57.78,58.68,57.42,58.64
2011-09-07,57.86,58.75,57.65,58.58
2011-09-08,56.99,57.51,56.82,57.18
2011-09-09,56.65,57.61,55.55,56.03
2011-09-12,55.01,55.99,54.76,55.9
2011-09-13,55.55,56.36,55.5,56.15
2011-09-14,55.9,57.09,55.24,56.79
2011-09-15,57.1,57.12,56.21,56.64
2011-09-16,56.64,56.7,55.85,55.89
2011-09-19,54.72,55.81,54.35,55.5
2011-09-20,55.3,55.8,54.82,55.41
2011-09-21,55.1,55.54,54.28,54.4
2011-09-22,53.26,53.75,52.85,53.61
2011-09-23,53.28,54.0,53.13,53.8
2011-09-26,54.03,54.87,53.75,54.82
2011-09-27,54.96,55.75,54.85,54.9
2011-09-28,54.85,55.7,54.6,54.75
2011-09-29,55.96,56.6,55.35,56.07
2011-09-30,54.95,55.69,54.71,55.1
2011-10-03,54.9,55.42,54.0,54.13
2011-10-04,53.98,55.3,53.48,55.3
2011-10-05,54.33,54.48,53.84,54.35
2011-10-06,54.35,55.29,54.18,55.25
2011-10-07,54.48,55.18,54.29,54.4
2011-10-10,55.75,56.3,55.65,56.19
2011-10-11,55.85,56.6,55.65,56.43
2011-10-12,57.15,57.75,57.0,57.3
2011-10-13,57.31,58.03,57.0,57.82
2011-10-14,58.52,58.73,58.28,58.55
2011-10-17,58.02,58.02,57.4,57.4
2011-10-18,57.1,58.17,56.75,57.98
2011-10-19,57.16,57.3,56.6,56.83
2011-10-20,57.65,57.83,56.95,57.63
2011-10-21,58.53,58.77,58.37,58.69
2011-10-24,58.26,58.55,58.16,58.29
2011-10-25,58.29,58.34,57.81,58.04
2011-10-26,58.2,58.3,57.1,57.9
2011-10-27,59.13,59.6,58.88,59.29
2011-10-28,59.33,59.67,59.23,59.55
2011-10-31,59.21,59.35,57.7,57.76
2011-11-01,56.48,57.7,56.23,57.0
2011-11-02,57.35,57.57,56.77,57.16
2011-11-03,57.3,58.2,56.7,58.2
2011-11-04,57.51,57.73,57.11,57.36
2011-11-07,56.49,56.66,56.23,56.64
2011-11-08,56.91,57.21,56.5,57.14
2011-11-09,56.07,56.2,55.05,55.2
2011-11-10,55.8,56.0,55.35,55.88
2011-11-11,56.38,57.0,56.27,56.75
2011-11-14,56.36,56.55,56.05,56.49
2011-11-15,56.5,57.04,56.2,56.78
2011-11-16,56.4,56.69,56.1,56.24
2011-11-17,56.64,56.75,55.9,56.15
2011-11-18,56.87,56.94,56.3,56.42
2011-11-21,56.05,56.59,55.92,56.3
2011-11-22,56.1,56.6,56.01,56.49
2011-11-23,55.33,55.38,54.91,54.91
2011-11-25,54.36,54.5,54.0,54.03
2011-11-28,54.95,55.0,53.9,54.47
2011-11-29,54.84,55.27,54.77,55.12
2011-11-30,55.97,56.27,55.75,56.13
2011-12-01,56.68,57.19,56.26,56.48
2011-12-02,55.54,55.61,55.03,55.41
2011-12-05,55.85,56.01,55.51,55.85
2011-12-06,55.52,55.95,55.46,55.61
2011-12-07,55.49,56.3,55.27,56.25
2011-12-08,55.5,55.95,55.3,55.54
2011-12-09,55.88,56.14,55.71,56.0
2011-12-12,55.49,55.5,55.04,55.19
2011-12-13,55.04,55.3,54.26,54.49
2011-12-14,54.24,54.35,53.9,54.19
2011-12-15,54.75,55.0,54.55,54.89
2011-12-16,55.0,55.1,54.26,54.42
2011-12-19,55.36,55.88,55.36,55.67
2011-12-20,56.26,56.7,56.12,56.5
2011-12-21,56.34,56.5,56.1,56.5
2011-12-22,56.33,56.75,56.27,56.72
2011-12-23,56.63,57.05,56.52,57.0
2011-12-27,56.96,57.18,56.8,57.15
2011-12-28,57.15,57.2,56.8,56.86
2011-12-29,56.89,57.4,56.77,57.29
2011-12-30,57.54,57.95,57.46,57.71
2012-01-03,57.99,58.45,57.85,58.34
2012-01-04,57.6,58.0,57.42,57.93
2012-01-05,56.96,57.49,56.91,57.49
2012-01-06,56.94,56.94,56.51,56.7
2012-01-09,56.94,57.49,56.88,57.41
2012-01-10,57.59,57.94,57.57,57.85
2012-01-11,56.69,56.72,56.34,56.6
2012-01-12,56.6,56.9,56.5,56.52
2012-01-13,56.0,56.15,55.6,56.1
2012-01-17,55.97,56.25,55.85,56.03
2012-01-18,56.95,57.65,56.86,57.63
2012-01-19,57.18,57.63,56.97,57.63
2012-01-20,57.52,57.65,57.33,57.56
2012-01-23,57.25,57.65,57.12,57.61
2012-01-24,57.68,57.94,57.56,57.9
2012-01-25,57.63,58.44,57.4,58.43
2012-01-26,58.15,58.3,57.85,58.05
2012-01-27,57.94,58.29,57.75,58.12
2012-01-30,57.84,58.19,57.75,58.14
2012-01-31,57.82,57.83,57.24,57.53
2012-02-01,58.2,58.73,58.14,58.5
2012-02-02,58.0,58.01,57.5,57.85
2012-02-03,57.43,58.05,57.37,57.86
2012-02-06,57.64,57.94,57.52,57.84
2012-02-07,58.24,58.89,58.21,58.75
2012-02-08,58.85,58.98,58.45,58.8
2012-02-09,58.85,59.09,58.71,58.98
2012-02-10,58.59,58.69,58.49,58.67
2012-02-13,58.99,59.28,58.88,59.18
2012-02-14,59.14,59.2,58.8,58.92
2012-02-15,59.15,59.35,58.92,59.26
2012-02-16,60.45,60.87,60.1,60.66
2012-02-17,60.95,61.0,60.73,60.99
2012-02-21,60.79,61.13,60.55,60.9
2012-02-22,60.87,61.29,57.86,61.02
2012-02-23,61.08,61.65,60.9,61.57
2012-02-24,61.46,62.0,61.46,61.77
2012-02-27,61.46,62.0,61.36,61.99
2012-02-28,62.01,62.24,61.81,62.19
2012-02-29,62.0,62.13,61.16,61.29
2012-03-01,61.35,61.73,61.25,61.4
2012-03-02,60.81,61.07,60.65,60.9
2012-03-05,61.28,61.3,60.8,61.23
2012-03-06,60.24,60.47,60.0,60.22
2012-03-07,60.43,60.85,60.43,60.8
2012-03-08,61.71,62.38,61.65,62.26
2012-03-09,61.6,61.77,61.35,61.45
2012-03-12,61.5,62.08,61.39,61.9
2012-03-13,61.38,61.9,61.38,61.54
2012-03-14,60.98,61.11,60.53,60.85
2012-03-15,61.24,61.65,61.04,61.6
2012-03-16,61.9,62.55,61.85,62.1
2012-03-19,61.94,62.5,61.82,62.29
2012-03-20,61.85,62.25,61.75,62.14
2012-03-21,62.19,62.23,61.82,62.01
2012-03-22,61.68,61.95,61.58,61.95
2012-03-23,62.18,62.4,62.0,62.28
2012-03-26,63.03,63.15,62.84,63.1
2012-03-27,62.73,62.9,62.45,62.47
2012-03-28,62.41,62.47,62.06,62.35
2012-03-29,62.0,62.06,61.55,61.9
2012-03-30,62.36,63.0,62.31,63.0
2012-04-02,62.7,63.4,62.64,63.36
2012-04-03,63.2,63.2,62.2,62.48
2012-04-04,61.65,61.7,61.22,61.57
2012-04-05,61.04,61.24,60.7,60.83
2012-04-09,60.41,61.1,60.14,60.95
2012-04-10,60.85,60.9,60.3,60.47
2012-04-11,60.7,60.89,60.55,60.59
2012-04-12,60.71,61.38,60.64,61.3
2012-04-13,60.71,60.76,60.25,60.43
2012-04-16,60.88,61.34,60.57,61.02
2012-04-17,61.92,62.26,61.81,62.07
2012-04-18,61.48,61.95,61.35,61.64
2012-04-19,62.46,62.9,62.4,62.55
2012-04-20,62.5,63.05,62.35,63.05
2012-04-23,60.8,61.11,60.55,60.95
2012-04-24,60.9,61.12,60.8,60.93
2012-04-25,60.94,61.3,60.94,61.17
2012-04-26,61.23,61.25,61.01,61.1
2012-04-27,61.07,61.12,60.86,61.0
2012-04-30,61.17,61.3,61.1,61.14
2012-05-01,61.38,61.54,61.32,61.54
2012-05-02,60.86,60.97,60.67,60.9
2012-05-03,60.83,61.0,60.43,60.45
2012-05-04,60.79,60.88,59.97,59.98
2012-05-07,60.07,60.33,59.91,60.17
2012-05-08,59.85,59.96,59.45,59.8
2012-05-09,58.96,59.83,58.71,59.17
2012-05-10,59.19,59.21,58.97,59.05
2012-05-11,58.95,59.54,58.95,59.3
2012-05-14,58.6,58.63,58.36,58.52
2012-05-15,58.58,58.65,58.1,58.14
2012-05-16,57.94,58.06,57.44,57.49
2012-05-17,57.5,57.69,57.31,57.52
2012-05-18,57.62,58.1,57.46,58.1
2012-05-21,57.9,58.2,57.81,58.19
2012-05-22,58.27,58.49,57.67,57.86
2012-05-23,57.88,57.95,57.01,57.53
2012-05-24,57.29,57.53,56.8,57.09
2012-05-25,57.06,57.3,57.0,57.24
2012-05-29,57.42,57.63,57.16,57.3
2012-05-30,57.25,57.38,56.96,57.02
2012-05-31,56.85,57.0,56.46,56.85
2012-06-01,56.36,56.85,55.5,56.55
2012-06-04,56.44,56.58,56.2,56.49
2012-06-05,55.92,56.22,55.7,56.04
2012-06-06,55.97,57.06,55.97,57.06
2012-06-07,57.25,57.43,56.95,57.21
2012-06-08,56.6,57.25,56.6,57.25
2012-06-11,57.34,57.35,56.76,56.79
2012-06-12,57.7,57.85,57.25,57.74
2012-06-13,57.96,58.75,57.85,58.53
2012-06-14,58.61,59.09,58.52,58.91
2012-06-15,58.68,58.9,58.55,58.88
2012-06-18,58.65,58.77,58.4,58.67
2012-06-19,58.51,59.48,58.44,59.15
2012-06-20,58.56,59.0,58.19,58.42
2012-06-21,58.23,58.29,57.41,57.47
2012-06-22,58.06,58.4,57.84,58.39
2012-06-25,57.74,58.14,57.61,58.0
2012-06-26,57.9,58.19,57.75,58.11
2012-06-27,57.99,58.0,57.81,57.88
2012-06-28,57.83,58.24,57.74,58.24
2012-06-29,59.59,59.85,59.44,59.74
2012-07-02,59.6,60.01,59.48,60.0
2012-07-03,60.08,61.1,60.02,61.05
2012-07-05,59.97,60.12,59.66,59.99
2012-07-06,59.8,59.95,59.71,59.9
2012-07-09,59.99,60.09,59.76,60.09
2012-07-10,60.31,60.46,60.11,60.19
2012-07-11,60.08,60.14,59.75,59.97
2012-07-12,59.58,59.91,59.26,59.8
2012-07-13,59.7,60.38,59.62,60.34
2012-07-16,59.99,60.26,59.8,59.99
2012-07-17,60.48,60.58,59.78,59.86
2012-07-18,59.96,60.58,59.96,60.56
2012-07-19,60.45,60.9,60.33,60.82
2012-07-20,59.89,59.97,59.59,59.9
2012-07-23,59.07,59.25,58.67,59.14
2012-07-24,58.72,58.79,58.2,58.54
2012-07-25,58.75,58.84,58.21,58.55
2012-07-26,60.35,60.37,59.87,60.19
2012-07-27,60.88,61.75,60.86,61.3
2012-07-30,60.72,64.1,60.59,61.24
2012-07-31,61.31,61.75,61.18,61.63
2012-08-01,61.77,62.04,60.86,61.15
2012-08-02,61.4,61.68,60.85,61.28
2012-08-03,62.16,62.76,62.12,62.71
2012-08-06,62.29,62.39,61.67,61.75
2012-08-07,61.94,61.94,61.45,61.5
2012-08-08,60.98,61.55,60.85,61.55
2012-08-09,62.96,63.06,62.15,62.44
2012-08-10,61.53,61.99,61.49,61.95
2012-08-13,62.16,62.36,61.97,61.99
2012-08-14,62.3,62.42,62.14,62.2
2012-08-15,62.22,62.37,62.01,62.1
2012-08-16,61.67,62.14,61.63,61.91
2012-08-17,61.96,61.96,61.58,61.63
2012-08-20,61.63,61.96,61.6,61.94
2012-08-21,62.38,62.54,62.01,62.02
2012-08-22,61.82,62.39,61.82,62.39
2012-08-23,62.44,62.88,62.42,62.67
2012-08-24,62.48,63.09,62.46,62.87
2012-08-27,62.78,62.9,62.55,62.81
2012-08-28,62.7,67.71,62.52,62.74
2012-08-29,62.57,62.81,62.5,62.7
2012-08-30,62.58,62.63,62.05,62.29
2012-08-31,62.72,62.82,62.03,62.31
2012-09-04,62.2,62.26,61.81,62.03
2012-09-05,62.44,62.6,62.0,62.44
2012-09-06,62.45,63.26,62.4,62.98
2012-09-07,62.43,62.7,62.32,62.59
2012-09-10,62.15,62.34,61.93,62.04
2012-09-11,62.52,62.96,62.41,62.82
2012-09-12,62.62,62.62,62.28,62.28
2012-09-13,62.34,62.88,62.27,62.82
2012-09-14,62.84,63.14,62.63,62.76
2012-09-17,63.25,63.45,62.95,62.97
2012-09-18,63.55,63.84,63.45,63.75
2012-09-19,63.7,64.19,63.52,64.12
2012-09-20,63.62,63.81,63.45,63.78
2012-09-21,63.6,63.9,63.56,63.75
2012-09-24,63.2,63.64,63.18,63.64
2012-09-25,63.88,64.14,63.58,63.59
2012-09-26,63.64,63.79,63.5,63.78
2012-09-27,63.73,63.99,63.48,63.98
2012-09-28,63.68,63.68,63.13,63.21
2012-10-01,63.92,64.11,63.86,63.88
2012-10-02,64.03,64.28,63.93,64.08
2012-10-03,63.49,63.85,63.49,63.75
2012-10-04,64.15,64.69,64.14,64.69
2012-10-05,64.86,65.13,64.77,64.9
2012-10-08,65.11,65.23,65.0,65.03
2012-10-09,65.3,65.5,64.86,64.9
2012-10-10,65.3,65.5,65.14,65.21
2012-10-11,65.3,65.54,65.26,65.5
2012-10-12,65.74,65.91,65.66,65.75
2012-10-15,65.96,66.41,65.9,66.39
2012-10-16,66.91,67.06,66.63,66.83
2012-10-17,67.34,67.78,67.21,67.48
2012-10-18,66.19,66.52,66.04,66.26
2012-10-19,66.18,66.18,65.75,65.95
2012-10-22,65.8,66.02,65.67,65.85
2012-10-23,64.62,64.69,64.22,64.39
2012-10-24,64.54,64.67,64.31,64.44
2012-10-25,64.61,64.65,64.02,64.05
2012-10-26,63.92,64.04,63.62,64.02
2012-10-31,63.89,63.99,63.32,63.34
2012-11-01,63.43,63.59,63.27,63.54
2012-11-02,62.94,63.05,62.71,62.89
2012-11-05,63.04,63.4,62.98,63.31
2012-11-06,63.32,63.43,63.23,63.42
2012-11-07,63.26,63.32,62.92,63.02
2012-11-08,63.17,63.44,62.95,63.0
2012-11-09,63.28,63.43,63.11,63.12
2012-11-12,63.31,63.37,63.08,63.22
2012-11-13,62.98,63.58,62.97,63.4
2012-11-14,63.59,63.62,63.07,63.15
2012-11-15,62.74,62.98,62.25,62.45
2012-11-16,61.89,62.0,61.5,61.98
2012-11-19,62.51,63.23,62.51,63.22
2012-11-20,62.84,62.98,62.66,62.84
2012-11-21,62.95,63.22,62.84,63.22
2012-11-23,64.11,64.43,64.11,64.43
2012-11-26,64.25,64.39,64.11,64.25
2012-11-27,64.4,64.59,64.34,64.48
2012-11-28,64.87,65.41,64.84,65.41
2012-11-29,65.53,65.9,65.53,65.65
2012-11-30,65.55,65.85,65.34,65.5
2012-12-03,65.6,65.75,65.58,65.73
2012-12-04,65.81,65.9,65.47,65.63
2012-12-05,65.15,65.5,65.11,65.35
2012-12-06,65.43,65.5,65.15,65.25
2012-12-07,65.09,65.4,65.09,65.13
2012-12-10,65.24,65.48,65.24,65.33
2012-12-11,65.7,65.9,65.4,65.53
2012-12-12,65.53,65.98,65.38,65.9
2012-12-13,65.91,66.03,65.77,65.94
2012-12-14,65.43,65.73,65.28,65.53
2012-12-17,65.58,66.58,65.39,65.56
2012-12-18,65.64,65.94,65.61,65.94
2012-12-19,66.21,66.4,65.85,66.07
2012-12-20,66.03,66.09,65.62,65.72
2012-12-21,65.65,65.81,65.24,65.3
2012-12-24,65.29,65.5,65.16,65.29
2012-12-26,65.29,65.71,65.21,65.51
2012-12-27,65.85,65.98,65.35,65.53
2012-12-28,65.52,65.63,65.15,65.34
2012-12-31,65.4,65.41,65.04,65.17
2013-01-02,66.21,66.7,66.07,66.53
2013-01-03,65.46,66.03,65.39,65.65
2013-01-04,65.65,66.25,65.65,66.19
2013-01-07,65.87,66.14,65.79,66.01
2013-01-08,65.45,65.57,65.19,65.44
2013-01-09,65.43,65.78,65.34,65.75
2013-01-10,66.26,66.9,66.26,66.79
2013-01-11,67.25,67.35,67.09,67.25
2013-01-14,66.5,66.86,66.34,66.58
2013-01-15,66.6,67.16,66.59,66.96
2013-01-16,66.98,67.29,66.95,67.13
2013-01-17,67.62,68.3,67.62,68.29
2013-01-18,68.11,68.38,67.91,68.04
2013-01-22,68.16,68.22,67.74,67.97
2013-01-23,68.62,68.66,68.31,68.61
2013-01-24,68.43,68.7,68.39,68.57
2013-01-25,68.72,69.42,68.66,69.37
2013-01-28,69.33,69.67,69.2,69.65
2013-01-29,69.66,70.7,69.66,69.85
2013-01-30,69.86,70.44,69.85,70.14
2013-01-31,70.21,70.54,70.12,70.32
2013-02-01,70.66,70.88,70.17,70.3
2013-02-04,69.82,69.91,69.52,69.67
2013-02-05,69.8,70.06,69.69,69.91
2013-02-06,69.75,70.73,69.75,70.73
2013-02-07,69.96,70.29,69.21,69.34
2013-02-08,69.61,69.94,69.6,69.92
2013-02-11,70.25,70.34,69.89,70.1
2013-02-12,70.05,70.45,70.01,70.1
2013-02-13,70.41,70.55,70.15,70.17
2013-02-14,68.19,68.71,68.08,68.7
2013-02-15,68.84,68.93,68.52,68.69
2013-02-19,69.08,69.7,69.08,69.47
2013-02-20,69.86,69.92,69.48,69.48
2013-02-21,68.86,69.1,68.68,68.79
2013-02-22,69.06,69.35,68.99,69.31
2013-02-25,69.67,70.0,69.47,69.65
2013-02-26,69.52,69.81,69.26,69.5
2013-02-27,69.16,69.41,69.09,69.37
2013-02-28,69.69,70.25,69.56,69.97
2013-03-01,69.31,69.44,69.05,69.16
2013-03-04,69.24,69.9,69.13,69.89
2013-03-05,70.72,70.9,70.5,70.84
2013-03-06,70.14,70.15,69.77,69.77
2013-03-07,71.08,71.23,70.86,71.05
2013-03-08,70.58,70.98,70.41,70.86
2013-03-11,71.1,71.54,71.01,71.4
2013-03-12,71.55,72.11,71.34,72.04
2013-03-13,71.73,71.86,71.55,71.77
2013-03-14,71.94,72.75,71.86,72.73
2013-03-15,73.3,73.43,72.9,73.35
2013-03-18,72.25,72.73,72.2,72.36
2013-03-19,72.68,72.87,71.8,72.18
2013-03-20,72.45,72.73,72.27,72.51
2013-03-21,72.09,72.3,71.87,72.07
2013-03-22,71.89,72.42,71.87,72.18
2013-03-25,72.0,72.16,71.61,71.61
2013-03-26,71.51,71.68,71.25,71.62
2013-03-27,70.89,71.61,70.77,71.41
2013-03-28,72.05,72.7,71.95,72.47
2013-04-01,72.45,72.7,72.44,72.68
2013-04-02,73.2,73.53,73.1,73.45
2013-04-03,73.68,73.9,73.38,73.64
2013-04-04,72.45,73.2,72.45,73.18
2013-04-05,71.69,72.57,71.58,72.56
2013-04-08,72.7,72.9,72.65,72.87
2013-04-09,71.99,72.24,71.56,72.05
2013-04-10,72.23,72.8,72.15,72.79
2013-04-11,72.72,72.85,72.28,72.43
2013-04-12,72.66,72.74,72.31,72.4
2013-04-15,70.58,70.72,70.23,70.47
2013-04-16,71.09,71.72,71.0,71.69
2013-04-17,70.66,70.82,69.0,69.17
2013-04-18,69.54,70.01,69.27,69.76
2013-04-19,69.81,70.2,69.75,70.09
2013-04-22,69.98,69.98,69.67,69.95
2013-04-23,70.18,70.53,70.15,70.21
2013-04-24,70.49,70.65,70.21,70.45
2013-04-25,70.05,70.2,69.62,70.05
2013-04-26,69.94,70.17,69.72,69.83
2013-04-29,70.38,71.25,70.38,71.25
2013-04-30,70.83,71.38,70.79,71.23
2013-05-01,71.43,71.43,71.05,71.19
2013-05-02,70.91,70.91,70.55,70.89
2013-05-03,70.2,70.88,70.2,70.48
2013-05-06,70.26,70.3,70.1,70.3
2013-05-07,70.36,70.53,70.09,70.46
2013-05-08,70.51,71.49,70.51,71.49
2013-05-09,71.39,71.46,70.35,70.46
2013-05-10,69.94,70.05,69.45,69.85
2013-05-13,70.1,70.18,69.65,69.92
2013-05-14,70.09,70.34,69.6,69.72
2013-05-15,69.69,70.67,69.59,70.62
2013-05-16,69.55,69.79,69.01,69.1
2013-05-17,68.81,69.59,68.67,69.54
2013-05-20,69.55,69.8,69.49,69.73
2013-05-21,68.61,69.39,68.17,69.11
2013-05-22,68.57,69.29,68.42,68.65
2013-05-23,68.3,68.43,67.7,67.97
2013-05-24,68.55,68.58,68.0,68.3
2013-05-28,67.82,67.87,67.19,67.23
2013-05-29,67.27,67.67,67.07,67.31
2013-05-30,67.75,68.15,67.64,68.07
2013-05-31,66.41,66.45,66.01,66.32
2013-06-03,65.78,66.16,65.45,65.69
2013-06-04,67.37,67.57,67.1,67.34
2013-06-05,67.52,67.55,66.73,66.88
2013-06-06,66.66,66.98,66.42,66.75
2013-06-07,66.6,67.79,66.55,67.46
2013-06-10,67.2,67.45,66.86,67.38
2013-06-11,66.31,67.11,66.16,66.9
2013-06-12,67.73,67.73,67.15,67.34
2013-06-13,66.68,67.4,66.56,67.33
2013-06-14,66.88,67.2,66.78,66.93
2013-06-17,67.34,67.75,67.34,67.62
2013-06-18,67.55,67.75,67.38,67.59
2013-06-19,67.76,68.15,67.1,67.15
2013-06-20,66.53,66.56,65.86,66.04
2013-06-21,65.85,65.95,64.7,65.24
2013-06-24,63.57,64.22,63.38,64.09
2013-06-25,63.82,64.46,63.4,64.43
2013-06-26,64.58,65.03,64.53,64.81
2013-06-27,64.91,65.5,64.85,65.46
2013-06-28,65.5,65.81,65.33,65.78
2013-07-01,65.88,66.47,65.82,66.37
2013-07-02,65.61,66.05,65.37,65.99
2013-07-03,65.34,65.64,65.14,65.5
2013-07-05,65.21,65.33,64.8,65.25
2013-07-08,65.15,65.48,64.97,65.46
2013-07-09,65.23,65.24,64.82,65.08
2013-07-10,65.35,65.94,65.31,65.79
2013-07-11,67.13,67.94,67.05,67.85
2013-07-12,67.62,67.86,67.25,67.35
2013-07-15,67.41,67.65,67.25,67.65
2013-07-16,67.79,68.21,67.74,68.15
2013-07-17,68.1,68.12,67.51,67.96
2013-07-18,67.28,67.3,66.83,67.03
2013-07-19,66.84,67.34,66.7,67.25
2013-07-22,67.0,67.4,67.0,67.36
2013-07-23,66.69,67.27,66.54,67.19
2013-07-24,67.16,67.32,66.85,67.09
2013-07-25,66.82,67.55,66.7,67.55
2013-07-26,66.96,67.23,66.65,66.9
2013-07-29,66.8,66.94,66.67,66.84
2013-07-30,66.97,67.0,66.59,66.73
2013-07-31,67.18,68.25,67.14,67.97
2013-08-01,68.14,68.24,68.0,68.09
2013-08-02,68.66,69.65,68.66,69.6
2013-08-05,69.17,69.65,69.1,69.41
2013-08-06,70.71,70.83,70.15,70.27
2013-08-07,69.83,70.5,69.74,70.46
2013-08-08,68.55,69.14,68.37,69.0
2013-08-09,67.72,67.96,67.58,67.78
2013-08-12,67.45,67.6,67.3,67.5
2013-08-13,67.18,67.48,66.88,67.4
2013-08-14,67.29,67.38,67.11,67.31
2013-08-15,66.71,67.5,66.41,67.46
2013-08-16,67.49,67.54,66.8,66.9
2013-08-19,67.1,67.15,66.75,66.8
2013-08-20,67.45,67.75,67.45,67.71
2013-08-21,67.06,67.17,66.55,66.71
2013-08-22,67.16,67.45,67.01,67.36
2013-08-23,67.13,67.7,67.09,67.5
2013-08-26,67.57,68.02,67.5,67.93
2013-08-27,67.42,67.63,67.02,67.05
2013-08-28,66.6,66.61,66.2,66.32
2013-08-29,65.26,65.31,65.1,65.18
2013-08-30,65.49,65.61,65.36,65.45
2013-09-03,65.54,65.55,65.1,65.28
2013-09-04,64.8,65.3,64.77,65.27
2013-09-05,64.77,64.9,64.32,64.73
2013-09-06,65.17,65.49,65.1,65.26
2013-09-09,65.26,65.57,65.14,65.55
2013-09-10,65.7,66.04,65.7,66.01
2013-09-11,66.0,66.44,66.0,66.34
2013-09-12,66.38,66.73,66.06,66.12
2013-09-13,66.67,66.97,66.42,66.9
2013-09-16,67.63,67.73,66.9,66.95
2013-09-17,67.3,67.36,66.8,67.17
2013-09-18,67.7,69.33,67.55,69.24
2013-09-19,70.08,70.17,69.53,69.78
2013-09-20,69.79,70.0,69.69,69.85
2013-09-23,70.05,70.07,69.44,69.8
2013-09-24,69.5,69.65,69.25,69.47
2013-09-25,69.5,69.57,69.25,69.28
2013-09-26,69.51,69.78,69.38,69.67
2013-09-27,69.83,70.03,69.8,69.98
2013-09-30,69.81,69.98,69.52,69.6
2013-10-01,69.49,69.79,69.22,69.77
2013-10-02,68.76,69.22,68.68,69.22
2013-10-03,69.05,69.32,68.85,69.15
2013-10-04,68.76,68.91,68.5,68.6
2013-10-07,68.0,68.47,67.91,68.28
2013-10-08,67.81,68.03,67.33,67.37
2013-10-09,66.76,67.2,66.55,67.08
2013-10-10,67.05,67.84,67.0,67.74
2013-10-11,67.74,68.19,67.64,68.16
2013-10-14,68.18,68.21,67.93,68.1
2013-10-15,68.09,68.23,67.91,68.17
2013-10-16,67.88,68.04,67.69,68.02
2013-10-17,70.83,71.24,70.72,71.22
2013-10-18,71.69,72.12,71.65,72.06
2013-10-21,71.35,72.13,71.31,72.03
2013-10-22,72.19,73.21,72.19,73.07
2013-10-23,73.03,73.28,72.85,73.25
2013-10-24,73.53,73.73,73.36,73.57
2013-10-25,73.54,73.63,73.16,73.63
2013-10-28,73.19,73.54,73.05,73.38
2013-10-29,73.58,73.73,73.2,73.54
2013-10-30,73.45,73.45,72.66,72.94
2013-10-31,72.34,72.67,72.04,72.41
2013-11-01,71.83,71.97,71.48,71.89
2013-11-04,72.03,72.25,72.0,72.22
2013-11-05,71.38,71.81,71.12,71.68
2013-11-06,72.37,72.44,72.1,72.27
2013-11-07,72.19,72.94,71.0,72.06
2013-11-08,71.72,72.03,71.51,71.97
2013-11-11,71.77,71.94,71.7,71.85
2013-11-12,72.33,72.55,72.03,72.13
2013-11-13,72.2,72.8,71.8,72.72
2013-11-14,72.92,73.24,72.77,73.1
2013-11-15,73.15,73.16,72.9,73.08
2013-11-18,74.24,74.33,73.55,73.61
2013-11-19,73.8,74.35,73.8,73.9
2013-11-20,74.04,74.06,73.0,73.05
2013-11-21,73.3,73.45,73.16,73.36
2013-11-22,73.46,73.75,73.27,73.73
2013-11-25,73.65,74.02,70.71,73.73
2013-11-26,73.03,73.42,73.0,73.3
2013-11-27,73.16,73.22,72.84,72.98
2013-11-29,73.07,73.33,72.94,73.11
2013-12-02,72.4,72.6,72.13,72.13
2013-12-03,71.86,72.01,71.61,71.8
2013-12-04,71.28,71.69,71.15,71.52
2013-12-05,71.76,72.17,71.73,72.06
2013-12-06,72.89,73.36,72.85,73.24
2013-12-09,73.31,73.77,73.2,73.65
2013-12-10,73.39,73.45,73.04,73.16
2013-12-11,73.55,73.56,73.05,73.14
2013-12-12,72.27,72.38,71.67,71.77
2013-12-13,71.3,71.39,70.83,71.16
2013-12-16,71.5,71.52,71.26,71.47
2013-12-17,71.52,72.12,71.52,72.02
2013-12-18,71.48,72.03,71.26,71.53
2013-12-19,71.05,71.65,70.9,71.56
2013-12-20,71.83,72.47,71.83,72.38
2013-12-23,72.19,72.55,72.1,72.43
2013-12-24,72.27,72.63,72.27,72.62
2013-12-26,72.51,77.85,72.51,72.88
2013-12-27,73.55,73.8,73.31,73.54
2013-12-30,73.46,73.81,73.37,73.8
2013-12-31,73.5,73.85,73.47,73.59
2014-01-02,72.71,72.84,72.24,72.84
2014-01-03,72.42,73.5,72.33,73.37
2014-01-06,72.66,73.22,72.57,73.06
2014-01-07,73.53,73.72,73.2,73.28
2014-01-08,72.63,73.17,72.4,72.78
2014-01-09,72.36,72.76,72.11,72.27
2014-01-10,72.82,73.35,72.8,73.06
2014-01-13,73.11,73.76,73.11,73.57
2014-01-14,73.58,73.8,73.47,73.62
2014-01-15,73.09,73.55,73.0,73.53
2014-01-16,74.66,74.86,74.49,74.78
2014-01-17,74.59,74.76,74.15,74.34
2014-01-21,75.85,75.93,75.4,75.65
2014-01-22,75.47,75.78,75.28,75.65
2014-01-23,76.27,76.42,75.7,76.27
2014-01-24,75.04,75.18,74.53,74.53
2014-01-27,74.12,74.34,73.84,74.05
2014-01-28,74.02,74.33,73.88,74.12
2014-01-29,73.7,74.0,73.43,73.64
2014-01-30,73.13,73.39,72.75,73.04
2014-01-31,71.9,72.87,71.79,72.65
2014-02-03,73.19,73.5,72.14,72.16
2014-02-04,71.84,72.08,71.5,71.75
2014-02-05,71.84,72.35,71.78,72.17
2014-02-06,73.62,74.16,73.6,74.0
2014-02-07,74.91,75.71,74.79,75.68
2014-02-10,75.42,75.45,75.07,75.45
2014-02-11,74.35,74.95,74.28,74.71
2014-02-12,74.48,74.78,74.4,74.73
2014-02-13,73.75,74.26,73.52,74.24
2014-02-14,73.65,74.29,73.59,74.22
2014-02-18,74.0,74.17,73.83,74.05
2014-02-19,73.9,74.28,73.79,73.8
2014-02-20,73.85,73.85,73.61,73.65
2014-02-21,74.18,74.6,74.16,74.47
2014-02-24,74.42,74.97,74.29,74.81
2014-02-25,74.92,75.21,74.6,75.11
2014-02-26,74.78,74.92,74.42,74.9
2014-02-27,74.82,75.03,74.59,75.01
2014-02-28,75.34,75.63,75.32,75.44
2014-03-03,74.75,75.78,74.45,74.59
2014-03-04,75.09,75.48,75.09,75.35
2014-03-05,75.26,75.6,75.17,75.35
2014-03-06,75.95,76.23,75.9,76.04
2014-03-07,75.8,75.93,75.53,75.9
2014-03-10,75.58,75.8,75.35,75.76
2014-03-11,75.41,75.6,75.16,75.28
2014-03-12,74.78,75.14,74.67,75.1
2014-03-13,74.98,75.1,73.66,73.85
2014-03-14,73.65,73.94,73.34,73.49
2014-03-17,73.67,74.18,73.56,73.74
2014-03-18,73.87,74.5,73.85,74.4
2014-03-19,74.3,74.36,73.17,73.47
2014-03-20,72.63,73.15,72.5,73.0
2014-03-21,73.59,73.78,73.21,73.37
2014-03-24,73.27,73.95,72.92,73.6
2014-03-25,74.27,74.99,74.16,74.88
2014-03-26,75.22,75.4,74.77,74.82
2014-03-27,75.18,75.25,74.74,74.94
2014-03-28,74.84,74.95,74.55,74.88
2014-03-31,75.61,75.87,75.18,75.22
2014-04-01,75.1,75.41,75.05,75.26
2014-04-02,76.38,76.56,75.97,76.16
2014-04-03,76.04,76.16,75.66,75.9
2014-04-04,75.71,75.77,75.42,75.48
2014-04-07,75.53,75.9,75.48,75.76
2014-04-08,77.07,77.67,77.07,77.67
2014-04-09,77.4,78.05,77.12,78.05
2014-04-10,77.52,77.97,77.34,77.58
2014-04-11,76.92,77.45,76.92,77.13
2014-04-14,76.35,76.42,75.8,76.06
2014-04-15,76.3,76.42,75.55,76.11
2014-04-16,75.85,75.85,75.36,75.8
2014-04-17,75.69,76.38,75.65,76.3
2014-04-21,76.36,76.42,76.06,76.25
2014-04-22,76.16,76.17,75.87,75.98
2014-04-23,76.12,76.23,75.84,76.07
2014-04-24,75.72,76.24,75.53,76.08
2014-04-25,76.24,76.3,75.83,75.96
2014-04-28,76.2,76.4,75.99,76.33
2014-04-29,76.38,76.59,76.24,76.3
2014-04-30,77.21,77.35,76.88,77.18
2014-05-01,77.19,77.45,77.18,77.26
2014-05-02,76.64,77.21,76.64,77.14
2014-05-05,76.67,77.62,76.65,77.51
2014-05-06,77.41,77.66,77.37,77.6
2014-05-07,78.13,78.7,77.96,78.58
2014-05-08,78.0,78.12,77.7,77.7
2014-05-09,77.92,78.0,77.79,78.0
2014-05-12,78.2,78.8,78.2,78.79
2014-05-13,78.18,78.44,77.81,78.36
2014-05-14,78.57,78.93,78.47,78.8
2014-05-15,79.34,80.25,79.3,80.15
2014-05-16,80.53,80.65,80.08,80.3
2014-05-19,79.75,79.93,79.43,79.64
2014-05-20,79.02,79.37,78.78,79.02
2014-05-21,78.95,79.04,78.78,78.9
2014-05-22,78.66,78.7,78.4,78.45
2014-05-23,78.03,78.45,77.92,78.0
2014-05-27,77.55,77.74,77.36,77.55
2014-05-28,77.77,78.15,77.69,77.79
2014-05-29,77.99,78.17,77.87,78.09
2014-05-30,78.4,78.62,78.2,78.58
2014-06-02,78.37,78.37,78.16,78.34
2014-06-03,78.49,78.66,78.35,78.54
2014-06-04,78.35,78.46,78.02,78.4
2014-06-05,77.75,78.21,77.62,78.1
2014-06-06,76.98,77.4,76.81,77.3
2014-06-09,77.1,77.22,76.87,77.1
2014-06-10,77.43,77.69,77.32,77.39
2014-06-11,77.54,77.61,77.2,77.35
2014-06-12,77.28,77.37,77.1,77.21
2014-06-13,76.97,77.24,76.85,77.07
2014-06-16,77.03,77.41,76.99,77.41
2014-06-17,77.2,77.41,77.1,77.29
2014-06-18,77.29,77.63,77.08,77.6
2014-06-19,77.9,78.04,77.66,77.66
2014-06-20,77.84,78.07,77.75,77.89
2014-06-23,78.11,78.23,77.91,78.1
2014-06-24,78.19,78.3,77.21,78.03
2014-06-25,77.36,77.61,77.32,77.5
2014-06-26,76.98,77.05,76.65,76.97
2014-06-27,77.22,77.25,76.9,77.19
2014-06-30,77.26,77.67,77.22,77.67
2014-07-01,78.22,78.59,78.14,78.42
2014-07-02,77.98,78.06,77.82,78.01
2014-07-03,77.94,78.35,77.82,78.25
2014-07-07,77.21,77.35,77.08,77.22
2014-07-08,76.99,77.31,76.99,77.29
2014-07-09,76.97,77.31,76.84,77.27
2014-07-10,76.72,77.0,76.65,76.93
2014-07-11,76.52,76.92,76.5,76.92
2014-07-14,77.48,77.75,77.38,77.48
2014-07-15,77.1,77.16,76.6,76.69
2014-07-16,76.97,77.05,76.63,76.83
2014-07-17,77.15,77.92,76.85,76.94
2014-07-18,76.8,77.15,76.7,77.09
2014-07-21,76.83,76.97,76.62,76.86
2014-07-22,77.15,77.15,76.86,76.9
2014-07-23,77.4,77.55,77.33,77.46
2014-07-24,77.36,77.47,77.17,77.32
2014-07-25,76.81,76.87,76.3,76.64
2014-07-28,76.64,76.67,76.1,76.45
2014-07-29,76.15,76.15,75.73,75.77
2014-07-30,75.31,75.38,74.9,75.25
2014-07-31,74.49,74.52,74.15,74.15
2014-08-01,72.87,74.04,72.75,73.96
2014-08-04,73.63,73.63,73.23,73.48
2014-08-05,73.87,74.0,73.39,73.58
2014-08-06,73.25,74.04,73.2,73.89
2014-08-07,76.64,76.69,76.03,76.12
2014-08-08,75.59,76.32,75.51,76.32
2014-08-11,75.97,76.0,75.72,75.79
2014-08-12,75.59,75.81,75.49,75.76
2014-08-13,76.2,76.31,75.95,76.0
2014-08-14,76.75,76.96,76.68,76.9
2014-08-15,77.27,77.35,76.7,77.14
2014-08-18,76.99,77.2,76.78,76.93
2014-08-19,77.0,77.09,76.84,77.06
2014-08-20,76.75,76.94,76.61,76.81
2014-08-21,77.21,77.3,77.03,77.22
2014-08-22,76.85,76.85,76.41,76.58
2014-08-25,76.88,77.09,76.87,76.94
2014-08-26,77.1,77.42,76.96,76.97
2014-08-27,77.3,77.6,77.14,77.57
2014-08-28,77.2,77.34,77.12,77.19
2014-08-29,77.51,77.71,77.44,77.57
2014-09-02,77.81,77.95,77.64,77.8
2014-09-03,78.35,78.52,78.09,78.2
2014-09-04,77.35,77.43,76.7,76.85
2014-09-05,76.71,77.0,76.62,76.95
2014-09-08,76.64,76.93,76.47,76.57
2014-09-09,76.35,76.66,76.35,76.53
2014-09-10,76.08,76.42,75.95,76.42
2014-09-11,76.17,76.39,76.05,76.27
2014-09-12,75.82,76.09,75.67,75.86
2014-09-15,75.61,75.69,75.41,75.5
2014-09-16,75.99,76.25,75.78,76.09
2014-09-17,75.59,75.62,74.66,74.78
2014-09-18,74.82,75.31,74.78,75.17
2014-09-19,75.04,75.08,74.64,74.7
2014-09-22,74.84,74.98,74.58,74.96
2014-09-23,74.31,74.47,74.15,74.2
2014-09-24,74.15,74.35,74.0,74.25
2014-09-25,73.28,73.31,73.05,73.2
2014-09-26,73.4,73.47,73.17,73.38
2014-09-29,73.01,73.34,73.0,73.16
2014-09-30,73.04,73.73,73.02,73.63
2014-10-01,73.0,73.34,72.72,72.82
2014-10-02,72.67,72.73,72.2,72.48
2014-10-03,71.42,71.97,71.4,71.75
2014-10-06,71.65,72.41,71.62,72.22
2014-10-07,71.72,71.78,71.36,71.4
2014-10-08,71.94,72.8,71.81,72.8
2014-10-09,72.48,72.68,71.74,71.88
2014-10-10,71.65,71.95,71.4,71.48
2014-10-13,71.67,71.73,71.24,71.24
2014-10-14,70.99,71.3,70.77,71.01
2014-10-15,71.2,71.52,70.19,70.75
2014-10-16,68.51,69.19,68.28,68.88
2014-10-17,69.24,70.28,65.79,70.07
2014-10-20,70.19,71.02,70.19,70.96
2014-10-21,70.86,71.16,70.69,71.15
2014-10-22,71.06,71.45,71.02,71.05
2014-10-23,71.33,71.37,71.0,71.25
2014-10-24,71.2,71.65,71.13,71.63
2014-10-27,71.89,72.3,71.81,72.24
2014-10-28,72.88,73.05,72.8,72.9
2014-10-29,73.08,73.37,72.15,72.29
2014-10-30,72.14,72.85,72.09,72.74
2014-10-31,72.65,73.42,72.56,73.33
2014-11-03,72.73,72.79,72.4,72.64
2014-11-04,72.86,73.2,72.82,72.94
2014-11-05,73.26,73.29,73.02,73.25
2014-11-06,72.92,73.08,72.7,72.75
2014-11-07,72.4,72.92,72.28,72.8
2014-11-10,73.16,73.2,72.86,72.96
2014-11-11,73.31,73.7,73.17,73.6
2014-11-12,73.43,73.69,73.36,73.57
2014-11-13,73.84,74.34,73.71,74.29
2014-11-14,74.0,74.7,73.9,74.5
2014-11-17,74.0,74.21,73.85,74.17
2014-11-18,74.68,75.0,74.56,74.75
2014-11-19,75.0,75.17,74.65,74.83
2014-11-20,74.91,75.1,74.74,74.94
2014-11-21,74.55,74.61,74.2,74.31
2014-11-24,74.37,74.44,74.13,74.3
2014-11-25,74.15,74.43,74.09,74.25
2014-11-26,74.71,74.89,74.58,74.81
2014-11-28,75.02,75.37,74.98,75.05
2014-12-01,75.62,76.01,75.15,75.65
2014-12-02,75.42,75.47,74.92,75.08
2014-12-03,74.05,74.09,73.84,74.0
2014-12-04,74.41,74.7,74.1,74.33
2014-12-05,74.01,74.24,73.83,74.06
2014-12-08,73.97,74.12,73.86,73.86
2014-12-09,74.03,74.23,73.77,73.88
2014-12-10,73.91,74.03,73.59,73.76
2014-12-11,73.71,74.13,73.61,73.67
2014-12-12,73.57,73.67,72.72,72.8
2014-12-15,72.48,72.52,71.35,71.37
2014-12-16,71.55,72.97,71.53,72.55
2014-12-17,72.54,72.72,71.83,72.19
2014-12-18,72.36,73.16,72.2,73.16
2014-12-19,73.57,73.74,73.38,73.48
2014-12-22,73.99,74.13,73.83,73.88
2014-12-23,74.07,74.13,73.75,73.92
2014-12-24,73.84,74.12,73.84,74.02
2014-12-26,73.91,74.08,73.71,73.71
2014-12-29,74.19,74.2,73.83,73.88
2014-12-30,73.92,73.96,73.64,73.64
2014-12-31,73.55,73.62,72.9,72.95
2015-01-02,72.91,72.95,72.42,72.65
2015-01-05,71.49,71.54,70.74,70.96
2015-01-06,70.92,71.07,70.55,70.61
2015-01-07,70.43,70.91,70.34,70.75
2015-01-08,71.11,71.7,70.99,71.46
2015-01-09,71.81,71.94,71.5,71.81
2015-01-12,72.11,72.15,71.89,72.06
2015-01-13,72.57,73.0,72.25,72.52
2015-01-14,72.91,73.04,72.66,72.99
2015-01-15,77.33,78.16,75.4,77.67
2015-01-16,76.83,77.38,75.25,75.88
2015-01-20,77.73,77.73,76.09,76.36
2015-01-21,77.08,77.6,76.28,76.99
2015-01-22,75.42,76.4,75.32,76.1
2015-01-23,78.05,78.27,77.37,77.61
2015-01-26,77.44,77.56,76.71,76.9
2015-01-27,77.56,78.25,77.33,78.09
2015-01-28,77.22,77.55,76.24,76.33
2015-01-29,76.88,77.06,76.49,77.0
2015-01-30,76.54,77.02,76.45,76.51
2015-02-02,76.27,77.15,76.07,76.98
2015-02-03,76.74,77.3,76.45,77.14
2015-02-04,77.54,77.69,76.94,77.17
2015-02-05,77.12,77.34,76.64,77.24
2015-02-06,76.54,76.99,76.34,76.57
2015-02-09,76.73,77.3,76.72,77.03
2015-02-10,77.06,77.36,76.8,77.31
2015-02-11,76.27,76.56,76.13,76.55
2015-02-12,75.08,76.24,75.0,75.89
2015-02-13,75.72,75.75,75.2,75.6
2015-02-17,76.42,76.5,76.01,76.26
2015-02-18,75.57,75.64,75.15,75.49
2015-02-19,75.88,76.16,75.78,75.8
2015-02-20,76.2,76.73,75.96,76.62
2015-02-23,76.9,77.26,76.71,76.89
2015-02-24,76.95,77.48,76.77,77.31
2015-02-25,77.5,77.7,77.22,77.67
2015-02-26,77.54,78.38,77.47,78.22
2015-02-27,78.25,78.65,78.02,78.15
2015-03-02,77.68,78.39,77.53,78.15
2015-03-03,78.17,78.61,77.42,77.47
2015-03-04,77.88,78.33,77.65,78.22
2015-03-05,78.33,78.42,77.69,77.74
2015-03-06,77.18,77.64,77.05,77.08
2015-03-09,77.17,77.29,76.8,77.06
2015-03-10,76.1,76.11,75.27,75.46
2015-03-11,74.86,75.08,74.34,74.42
2015-03-12,75.13,75.31,74.5,75.08
2015-03-13,74.44,75.23,74.28,75.08
2015-03-16,75.31,75.76,75.25,75.4
2015-03-17,75.64,75.73,75.2,75.35
2015-03-18,76.33,78.08,76.06,77.97
2015-03-19,76.54,77.2,76.5,77.17
2015-03-20,77.79,78.58,77.4,78.07
2015-03-23,78.64,78.72,78.18,78.33
2015-03-24,78.69,78.87,77.95,78.1
2015-03-25,77.76,77.76,76.75,76.78
2015-03-26,76.74,76.83,75.7,75.88
2015-03-27,76.21,76.67,76.02,76.27
2015-03-30,76.32,77.09,76.21,76.75
2015-03-31,75.27,75.93,75.15,75.22
2015-04-01,75.49,75.82,75.25,75.79
2015-04-02,76.18,76.43,76.02,76.4
2015-04-06,77.25,77.25,76.41,76.43
2015-04-07,77.01,77.3,76.51,76.66
2015-04-08,77.38,77.42,76.75,77.01
2015-04-09,77.2,79.0,76.87,77.1
2015-04-10,77.34,77.66,77.19,77.47
2015-04-13,77.22,77.4,77.0,77.15
2015-04-14,75.2,77.9,75.2,77.63
2015-04-15,78.57,78.8,78.08,78.7
2015-04-16,79.35,79.99,78.8,79.94
2015-04-17,77.55,78.86,77.51,78.11
2015-04-20,77.31,77.64,77.11,77.24
2015-04-21,77.72,78.16,77.5,77.91
2015-04-22,76.95,77.0,76.56,76.66
2015-04-23,76.98,78.04,76.82,77.99
2015-04-24,78.17,78.33,77.76,78.14
2015-04-27,78.26,78.94,78.12,78.16
2015-04-28,77.97,78.55,77.9,78.17
2015-04-29,78.0,78.5,77.56,77.94
2015-04-30,77.27,77.89,77.11,77.62
2015-05-01,77.9,78.16,77.65,78.14
2015-05-04,78.17,78.38,77.92,78.28
2015-05-05,78.4,78.42,77.59,77.66
2015-05-06,78.03,78.22,77.15,77.59
2015-05-07,77.76,77.94,77.11,77.23
2015-05-08,78.14,78.52,77.86,78.03
2015-05-11,77.5,78.1,77.41,77.6
2015-05-12,77.53,77.65,77.22,77.37
2015-05-13,77.77,78.26,77.73,78.24
2015-05-14,78.98,79.1,78.44,79.0
2015-05-15,77.85,78.65,77.66,78.61
2015-05-18,78.36,78.48,78.05,78.23
2015-05-19,78.32,78.45,78.0,78.0
2015-05-20,78.02,78.25,77.77,78.1
2015-05-21,78.4,78.63,78.17,78.23
2015-05-22,78.07,78.21,77.66,77.7
2015-05-26,77.35,77.44,76.25,76.48
2015-05-27,77.1,77.52,77.02,77.46
2015-05-28,77.78,78.14,77.59,78.1
2015-05-29,78.1,78.49,76.95,77.44
2015-06-01,77.38,77.46,76.72,77.12
2015-06-02,77.2,77.58,76.96,77.35
2015-06-03,76.62,76.98,76.27,76.29
2015-06-04,76.25,76.64,75.72,76.02
2015-06-05,74.69,74.69,74.01,74.52
2015-06-08,74.55,75.08,74.34,74.96
2015-06-09,74.56,74.67,74.07,74.26
2015-06-10,74.92,75.3,74.66,74.67
2015-06-11,75.02,75.15,74.61,75.03
2015-06-12,75.37,75.44,74.71,74.78
2015-06-15,73.46,74.53,73.46,74.46
2015-06-16,74.36,74.67,74.23,74.34
2015-06-17,74.42,74.7,74.06,74.58
2015-06-18,74.96,75.33,74.64,74.9
2015-06-19,75.09,75.2,74.71,74.99
2015-06-22,75.94,76.23,75.53,75.53
2015-06-23,75.41,75.63,74.35,75.37
2015-06-24,75.23,75.32,74.55,74.7
2015-06-25,74.49,74.84,74.03,74.03
2015-06-26,74.76,74.87,74.4,74.61
2015-06-29,74.47,74.72,73.75,73.88
2015-06-30,73.67,73.69,71.91,72.16
2015-07-01,72.71,73.02,72.17,72.49
2015-07-02,73.19,73.38,72.86,73.16
2015-07-06,72.33,73.06,72.29,72.75
2015-07-07,72.95,73.38,72.25,73.08
2015-07-08,72.82,73.0,72.59,72.9
2015-07-09,73.85,74.1,73.57,73.57
2015-07-10,75.47,75.5,75.1,75.31
2015-07-13,74.95,75.02,74.76,74.97
2015-07-14,75.82,76.0,75.7,75.88
2015-07-15,75.22,75.38,74.85,74.99
2015-07-16,75.7,76.01,75.63,75.85
2015-07-17,75.99,76.06,75.74,75.89
2015-07-20,75.92,76.14,75.75,75.92
2015-07-21,76.0,76.07,75.78,75.9
2015-07-22,75.3,75.42,75.08,75.3
2015-07-23,75.67,75.8,75.28,75.31
2015-07-24,75.2,75.51,74.47,74.59
2015-07-27,74.61,75.37,73.71,73.75
2015-07-28,74.29,74.95,74.08,74.9
2015-07-29,75.48,75.71,75.24,75.35
2015-07-30,75.24,75.37,74.93,75.25
2015-07-31,76.12,76.29,75.56,75.6
2015-08-03,76.33,76.37,75.57,75.7
2015-08-04,75.94,76.0,75.35,75.43
2015-08-05,74.88,75.32,74.88,75.19
2015-08-06,75.03,75.14,74.68,74.79
2015-08-07,74.33,74.73,74.21,74.52
2015-08-10,74.54,75.13,74.54,75.05
2015-08-11,74.61,74.68,74.06,74.25
2015-08-12,74.25,74.69,74.18,74.5
2015-08-13,76.69,76.81,75.93,76.01
2015-08-14,76.65,76.84,76.55,76.77
2015-08-17,76.66,76.9,76.59,76.85
2015-08-18,76.93,76.95,76.42,76.57
2015-08-19,76.65,77.25,76.48,77.1
2015-08-20,76.52,76.57,75.91,76.0
2015-08-21,75.4,75.52,73.87,74.14
2015-08-24,71.82,74.0,71.0,72.71
2015-08-25,75.66,75.68,73.28,73.35
2015-08-26,74.16,74.16,72.7,73.66
2015-08-27,73.93,74.25,73.18,73.61
2015-08-28,73.65,74.12,73.38,73.69
2015-08-31,73.79,73.9,73.31,73.65
2015-09-01,72.37,72.89,72.25,72.5
2015-09-02,73.13,73.13,72.25,72.65
2015-09-03,72.97,73.17,72.55,72.77
2015-09-04,72.17,73.2,72.1,72.6
2015-09-08,73.1,73.22,72.75,73.15
2015-09-09,74.41,74.45,73.5,73.5
2015-09-10,73.73,74.38,73.64,74.1
2015-09-11,73.69,74.05,73.62,73.98
2015-09-14,73.91,74.1,73.55,74.02
2015-09-15,74.95,75.09,74.67,74.85
2015-09-16,75.53,75.81,75.44,75.49
2015-09-17,76.08,76.84,75.9,76.4
2015-09-18,76.67,76.9,75.7,75.79
2015-09-21,76.18,76.24,75.75,75.91
2015-09-22,74.29,74.35,73.66,74.04
2015-09-23,73.97,74.06,72.95,72.96
2015-09-24,72.73,72.74,72.25,72.5
2015-09-25,73.8,74.34,73.12,73.5
2015-09-28,74.22,74.3,73.26,73.4
2015-09-29,73.14,73.5,72.88,73.08
2015-09-30,75.09,75.24,74.65,75.24
2015-10-01,75.54,75.73,74.62,75.24
2015-10-02,75.38,76.1,75.21,76.1
2015-10-05,76.3,76.86,76.26,76.86
2015-10-06,76.82,77.25,76.75,77.16
2015-10-07,76.32,76.49,75.81,76.36
2015-10-08,76.24,77.26,76.19,77.26
2015-10-09,77.33,77.48,77.01,77.27
2015-10-12,77.52,77.99,77.52,77.62
2015-10-13,78.02,78.42,77.93,78.06
2015-10-14,78.07,78.25,77.86,78.01
2015-10-15,78.61,79.19,78.61,79.16
2015-10-16,76.95,77.55,76.92,77.5
2015-10-19,77.29,77.36,76.6,76.79
2015-10-20,77.13,77.14,76.85,76.96
2015-10-21,76.87,76.93,76.02,76.03
2015-10-22,76.67,77.52,76.61,77.45
2015-10-23,77.39,77.51,77.1,77.13
2015-10-26,76.71,76.94,76.57,76.75
2015-10-27,76.36,76.67,76.0,76.36
2015-10-28,76.94,77.06,76.0,76.39
2015-10-29,76.32,76.83,76.32,76.69
2015-10-30,76.31,79.39,76.17,76.22
2015-11-02,76.12,76.46,75.9,76.36
2015-11-03,75.82,76.4,75.8,76.35
2015-11-04,76.66,76.67,76.1,76.45
2015-11-05,76.41,76.74,76.03,76.7
2015-11-06,75.47,75.6,74.88,75.03
2015-11-09,74.5,74.75,74.34,74.75
2015-11-10,74.09,74.32,73.89,74.24
2015-11-11,74.68,74.91,74.37,74.38
2015-11-12,74.08,74.65,73.94,74.02
2015-11-13,73.02,73.18,72.63,72.66
2015-11-16,72.94,73.78,72.88,73.76
2015-11-17,73.82,74.22,73.48,73.55
2015-11-18,74.15,74.57,74.05,74.47
2015-11-19,74.99,75.08,74.78,74.87
2015-11-20,74.71,74.88,74.41,74.6
2015-11-23,74.32,74.5,73.83,74.28
2015-11-24,73.58,73.89,73.44,73.89
2015-11-25,74.38,74.41,73.83,73.93
2015-11-27,74.47,74.5,74.11,74.2
2015-11-30,73.94,74.22,73.85,73.94
2015-12-01,74.07,74.34,73.87,74.27
2015-12-02,74.53,74.95,74.5,74.8
2015-12-03,75.16,75.6,74.78,75.6
2015-12-04,74.68,75.7,74.59,75.55
2015-12-07,75.42,75.47,75.12,75.42
2015-12-08,74.89,75.07,74.7,75.06
2015-12-09,74.62,74.87,74.0,74.38
2015-12-10,74.7,74.7,74.13,74.16
2015-12-11,73.77,73.97,73.39,73.46
2015-12-14,73.51,73.75,73.0,73.1
2015-12-15,73.9,74.1,73.49,73.6
2015-12-16,74.31,74.95,74.06,74.71
2015-12-17,74.28,74.28,73.59,73.86
2015-12-18,73.74,73.88,73.0,73.08
2015-12-21,73.66,73.71,72.64,73.0
2015-12-22,72.96,72.99,72.17,72.6
2015-12-23,73.72,74.32,73.55,73.96
2015-12-24,73.99,74.2,73.78,74.0
2015-12-28,74.6,74.68,74.38,74.62
2015-12-29,75.43,75.78,75.38,75.6
2015-12-30,76.01,76.09,75.36,75.69
2015-12-31,74.85,74.85,74.38,74.42
2016-01-04,73.5,73.57,72.52,73.45
2016-01-05,73.32,73.46,72.87,73.21
2016-01-06,71.89,72.35,71.82,72.26
2016-01-07,71.15,71.55,70.9,70.97
2016-01-08,71.11,71.17,70.05,70.09
2016-01-11,70.48,70.6,69.82,70.11
2016-01-12,71.77,72.0,71.3,71.98
2016-01-13,72.22,72.26,71.06,71.2
2016-01-14,70.89,71.5,70.48,71.29
2016-01-15,69.79,70.54,69.6,69.65
2016-01-19,70.84,71.14,70.46,70.86
2016-01-20,70.15,70.2,68.8,69.83
2016-01-21,69.86,70.26,69.29,70.26
2016-01-22,70.86,71.21,70.65,71.03
2016-01-25,71.09,71.62,71.0,71.28
2016-01-26,71.21,72.23,71.19,72.09
2016-01-27,72.33,72.85,71.89,72.1
2016-01-28,72.8,72.83,71.82,71.82
2016-01-29,72.92,73.74,72.87,73.74
2016-02-01,73.63,74.42,73.59,74.3
2016-02-02,74.07,74.12,73.5,73.64
2016-02-03,74.75,75.59,74.23,75.54
2016-02-04,74.25,74.86,74.01,74.8
2016-02-05,74.23,74.42,73.74,73.94
2016-02-08,73.16,74.27,73.04,74.05
2016-02-09,73.47,74.09,73.21,73.68
2016-02-10,74.47,74.68,74.18,74.28
2016-02-11,73.3,73.33,72.62,73.23
2016-02-12,73.08,73.73,72.82,73.55
2016-02-16,74.15,74.35,73.51,74.26
2016-02-17,74.2,74.79,74.03,74.58
2016-02-18,71.52,71.8,68.0,71.69
2016-02-19,71.37,71.89,71.22,71.7
2016-02-22,71.35,71.67,71.15,71.36
2016-02-23,71.09,71.45,70.62,70.66
2016-02-24,69.85,71.2,69.74,71.0
2016-02-25,70.7,71.17,70.47,71.02
2016-02-26,70.83,71.02,70.65,70.83
2016-02-29,69.94,70.55,69.86,69.86
2016-03-01,70.99,71.83,70.93,71.83
2016-03-02,70.81,71.5,70.64,71.5
2016-03-03,71.49,71.83,71.24,71.6
2016-03-04,72.11,72.23,71.64,71.94
2016-03-07,71.19,72.11,71.09,71.64
2016-03-08,71.75,71.92,71.36,71.46
2016-03-09,71.48,71.81,71.34,71.47
2016-03-10,72.15,72.79,71.66,72.08
2016-03-11,72.77,73.16,72.55,73.02
2016-03-14,72.39,72.77,72.16,72.59
2016-03-15,72.41,72.58,72.26,72.52
2016-03-16,72.35,73.89,72.25,73.72
2016-03-17,73.35,74.23,73.23,73.99
2016-03-18,73.88,74.16,73.6,73.9
2016-03-21,73.33,73.85,73.33,73.65
2016-03-22,72.61,73.0,72.51,72.52
2016-03-23,73.59,73.59,73.15,73.15
2016-03-24,72.74,72.83,72.3,72.82
2016-03-28,72.71,73.25,72.5,72.55
2016-03-29,73.44,74.65,73.35,74.53
2016-03-30,75.04,75.5,74.76,74.97
2016-03-31,74.83,75.11,74.61,74.61
2016-04-01,73.89,74.43,73.8,74.04
2016-04-04,74.13,74.22,73.82,73.87
2016-04-05,73.78,74.03,73.59,74.0
2016-04-06,74.79,75.35,74.63,75.15
2016-04-07,74.81,75.41,74.79,75.29
2016-04-08,73.92,74.5,73.77,74.25
2016-04-11,73.64,73.91,73.11,73.11
2016-04-12,72.99,73.58,72.68,73.53
2016-04-13,73.85,73.89,73.41,73.81
2016-04-14,75.23,75.31,74.83,74.92
2016-04-15,74.52,75.25,74.43,75.04
2016-04-18,74.8,75.46,74.75,75.46
2016-04-19,76.4,77.05,76.32,76.89
2016-04-20,76.3,76.47,75.96,76.16
2016-04-21,74.74,75.43,74.64,75.14
2016-04-22,74.26,74.32,73.74,73.96
2016-04-25,74.27,74.41,73.91,73.91
2016-04-26,74.72,74.75,74.1,74.12
2016-04-27,74.6,74.81,74.29,74.56
2016-04-28,74.42,74.87,74.26,74.35
2016-04-29,74.52,74.89,74.28,74.57
2016-05-02,74.72,75.29,74.72,75.08
2016-05-03,75.0,75.0,74.45,74.73
2016-05-04,74.07,74.12,73.39,73.5
2016-05-05,73.38,73.38,72.64,72.67
2016-05-06,72.86,73.35,72.81,73.19
2016-05-09,73.57,73.67,73.42,73.47
2016-05-10,73.94,74.3,73.87,74.3
2016-05-11,74.79,74.99,74.57,74.82
2016-05-12,75.15,75.31,74.77,74.9
2016-05-13,74.66,74.95,74.21,74.32
2016-05-16,74.23,74.64,74.18,74.52
2016-05-17,74.31,74.64,73.8,73.88
2016-05-18,73.71,74.35,73.34,73.73
2016-05-19,72.96,73.36,72.8,73.04
2016-05-20,73.59,73.63,73.19,73.28
2016-05-23,73.31,73.69,73.2,73.55
2016-05-24,73.6,74.16,73.6,73.98
2016-05-25,74.06,76.5,73.87,73.98
2016-05-26,74.73,75.12,74.68,74.92
2016-05-27,74.73,75.0,74.68,74.94
2016-05-31,74.42,74.77,73.44,73.9
2016-06-01,74.31,74.44,74.1,74.26
2016-06-02,74.27,74.49,74.14,74.49
2016-06-03,74.7,75.33,74.66,75.28
2016-06-06,75.91,75.91,75.41,75.61
2016-06-07,76.3,76.44,76.2,76.29
2016-06-08,76.49,76.63,76.3,76.4
2016-06-09,75.69,75.83,75.41,75.7
2016-06-10,75.16,75.29,74.28,74.44
2016-06-13,73.63,73.84,73.11,73.47
2016-06-14,72.86,72.98,72.48,72.68
2016-06-15,73.33,73.38,72.61,72.69
2016-06-16,72.16,73.01,71.82,73.01
2016-06-17,73.03,73.24,72.6,73.2
2016-06-20,74.06,74.1,73.46,73.52
2016-06-21,74.32,75.25,74.29,74.86
2016-06-22,74.72,75.07,74.27,74.34
2016-06-23,75.57,76.18,75.02,76.07
2016-06-24,73.89,74.77,72.31,72.59
2016-06-27,73.96,73.98,72.47,73.11
2016-06-28,75.33,75.4,74.55,75.37
2016-06-29,76.04,76.35,75.87,76.06
2016-06-30,76.76,77.5,76.69,77.31
2016-07-01,78.03,78.13,77.5,78.09
2016-07-05,77.52,77.66,76.87,77.0
2016-07-06,77.16,78.11,77.11,78.04
2016-07-07,78.05,78.37,77.79,77.99
2016-07-08,78.36,78.55,78.11,78.39
2016-07-11,79.06,79.38,79.0,79.05
2016-07-12,79.24,79.24,78.59,78.59
2016-07-13,78.8,79.15,78.74,78.75
2016-07-14,79.58,79.76,79.16,79.21
2016-07-15,79.12,79.36,78.77,78.82
2016-07-18,79.32,79.65,78.9,79.1
2016-07-19,78.9,79.11,78.63,78.68
2016-07-20,78.78,79.15,78.66,78.86
2016-07-21,78.72,78.91,78.53,78.65
2016-07-22,78.96,79.02,78.72,78.97
2016-07-25,79.49,79.55,79.0,79.15
2016-07-26,79.39,79.47,78.83,78.95
2016-07-27,78.67,78.98,78.3,78.9
2016-07-28,78.98,79.15,78.41,78.65
2016-07-29,79.78,80.55,79.69,80.23
2016-08-01,80.26,80.37,79.51,79.67
2016-08-02,80.18,80.21,79.67,79.84
2016-08-03,79.1,79.25,78.8,79.1
2016-08-04,79.38,79.7,79.3,79.64
2016-08-05,79.25,79.72,79.25,79.57
2016-08-08,78.85,79.01,78.57,78.77
2016-08-09,79.15,79.48,79.05,79.37
2016-08-10,79.83,79.92,79.3,79.45
2016-08-11,81.47,81.95,81.35,81.63
2016-08-12,81.96,82.09,81.75,81.85
2016-08-15,82.02,82.17,81.8,81.96
2016-08-16,82.18,82.46,81.65,81.67
2016-08-17,81.64,81.75,81.12,81.54
2016-08-18,82.87,83.25,82.72,82.98
2016-08-19,82.21,82.22,81.73,81.9
2016-08-22,81.02,81.2,80.86,81.02
2016-08-23,81.17,81.4,80.79,80.79
2016-08-24,80.55,80.62,80.06,80.1
2016-08-25,80.31,80.38,79.88,79.99
2016-08-26,80.05,80.8,79.05,79.37
2016-08-29,79.44,79.73,79.25,79.57
2016-08-30,79.74,79.87,79.28,79.48
2016-08-31,79.32,79.65,79.27,79.5
2016-09-01,79.05,79.54,78.9,79.39
2016-09-02,80.4,80.71,80.2,80.56
2016-09-06,80.79,81.55,80.69,81.45
2016-09-07,81.66,81.88,81.32,81.39
2016-09-08,81.31,81.43,80.76,80.89
2016-09-09,80.19,80.22,79.72,79.72
2016-09-12,79.69,80.33,79.65,80.33
2016-09-13,79.61,79.75,78.85,79.0
2016-09-14,79.66,79.91,79.35,79.45
2016-09-15,79.52,79.65,79.17,79.57
2016-09-16,78.77,78.82,78.17,78.38
2016-09-19,78.58,78.77,78.44,78.54
2016-09-20,79.49,79.49,79.02,79.25
2016-09-21,79.16,79.38,78.76,79.38
2016-09-22,80.52,80.94,80.52,80.61
2016-09-23,78.93,79.23,78.9,79.09
2016-09-26,78.63,78.95,78.51,78.74
2016-09-27,78.92,79.46,78.89,79.46
2016-09-28,79.54,79.7,79.14,79.5
2016-09-29,79.59,79.87,79.4,79.6
2016-09-30,78.77,79.12,78.65,79.02
2016-10-03,78.94,79.14,78.69,78.92
2016-10-04,78.31,78.85,78.17,78.55
2016-10-05,78.42,78.51,77.89,78.14
2016-10-06,77.82,77.91,77.64,77.85
2016-10-07,77.3,77.38,76.39,76.83
2016-10-10,76.85,77.24,76.8,76.86
2016-10-11,76.76,76.85,75.71,75.9
2016-10-12,75.83,75.95,75.5,75.69
2016-10-13,75.3,75.68,75.05,75.42
2016-10-14,76.29,76.62,75.92,76.06
2016-10-17,75.33,75.54,75.17,75.41
2016-10-18,75.61,75.74,75.43,75.63
2016-10-19,75.31,75.45,75.11,75.31
2016-10-20,74.57,75.09,74.44,74.51
2016-10-21,73.42,73.62,73.21,73.29
2016-10-24,73.28,73.37,72.62,72.68
2016-10-25,72.4,72.67,72.25,72.27
2016-10-26,72.68,72.73,72.42,72.47
2016-10-27,73.39,73.84,73.3,73.66
2016-10-28,73.14,73.47,73.07,73.4
2016-10-31,73.0,73.05,72.45,72.65
2016-11-01,73.41,73.6,73.09,73.18
2016-11-02,74.01,74.08,73.39,73.44
2016-11-03,72.98,73.03,72.3,72.4
2016-11-04,72.65,73.4,72.41,72.52
2016-11-07,72.83,73.02,72.38,73.02
2016-11-08,72.81,73.05,72.58,72.98
2016-11-09,71.75,72.0,71.27,71.77
2016-11-10,70.22,70.36,69.36,69.99
2016-11-11,70.01,70.35,69.33,69.59
2016-11-14,68.14,68.26,67.73,68.09
2016-11-15,68.43,68.85,68.38,68.75
2016-11-16,68.36,69.05,68.31,69.01
2016-11-17,68.8,69.08,68.5,68.58
2016-11-18,68.05,68.19,67.74,67.84
2016-11-21,67.78,67.94,67.45,67.69
2016-11-22,66.96,67.1,66.7,66.99
2016-11-23,66.45,66.8,66.4,66.62
2016-11-25,68.46,68.55,68.12,68.22
2016-11-28,67.79,67.98,67.52,67.6
2016-11-29,67.2,67.72,67.17,67.61
2016-11-30,67.6,67.66,67.08,67.3
2016-12-01,66.31,66.67,66.08,66.6
2016-12-02,66.98,67.5,66.93,67.45
2016-12-05,68.04,68.08,67.31,67.7
2016-12-06,67.72,68.0,67.55,67.79
2016-12-07,67.42,67.95,67.36,67.69
2016-12-08,67.45,67.73,67.21,67.52
2016-12-09,69.13,69.96,68.88,69.86
2016-12-12,69.48,69.84,69.44,69.58
2016-12-13,70.79,71.58,70.74,71.52
2016-12-14,71.3,71.81,70.42,70.5
2016-12-15,70.3,70.5,70.0,70.26
2016-12-16,69.88,70.66,69.83,70.57
2016-12-19,70.85,71.34,70.78,71.16
2016-12-20,70.78,71.25,70.65,70.9
2016-12-21,71.36,71.37,70.8,70.95
2016-12-22,71.35,71.47,71.07,71.36
2016-12-23,71.13,71.27,70.99,71.21
2016-12-27,71.22,71.39,70.91,71.14
2016-12-28,70.94,71.06,70.77,70.83
2016-12-29,71.5,71.67,71.35,71.4
2016-12-30,72.13,72.35,71.62,71.74
2017-01-03,70.44,72.3,70.06,71.35
2017-01-04,71.13,72.01,71.05,71.9
2017-01-05,72.58,73.6,72.57,73.58
2017-01-06,72.92,73.73,72.89,73.52
2017-01-09,73.53,73.79,73.46,73.59
2017-01-10,72.83,73.91,72.75,73.76
2017-01-11,73.14,73.64,72.79,73.35
2017-01-12,73.9,74.11,73.82,74.0
2017-01-13,73.68,74.0,73.32,73.99
2017-01-17,73.13,73.46,73.09,73.35
2017-01-18,73.63,73.72,73.2,73.24
2017-01-19,72.71,72.87,72.39,72.69
2017-01-20,72.72,73.14,72.65,73.07
2017-01-23,73.11,73.47,72.89,73.39
2017-01-24,73.26,73.55,73.22,73.38
2017-01-25,73.36,73.83,73.2,73.82
2017-01-26,73.04,73.18,72.7,72.87
2017-01-27,73.16,73.42,72.92,73.4
2017-01-30,72.03,72.97,72.0,72.87
2017-01-31,72.82,73.36,72.71,73.22
2017-02-01,73.65,73.68,72.6,72.96
2017-02-02,73.47,73.57,72.73,72.79
2017-02-03,73.44,73.78,73.29,73.69
2017-02-06,73.01,73.47,72.99,73.44
2017-02-07,73.1,73.4,73.02,73.12
2017-02-08,74.26,74.88,74.17,74.57
2017-02-09,74.02,74.16,73.63,73.95
2017-02-10,73.09,73.8,73.04,73.48
2017-02-13,73.41,73.56,73.22,73.31
2017-02-14,73.06,73.14,72.42,72.66
2017-02-15,72.18,72.81,72.05,72.67
2017-02-16,72.17,72.75,72.05,72.62
2017-02-17,73.86,73.9,73.41,73.74
2017-02-21,72.68,72.98,72.36,72.92
2017-02-22,73.25,73.82,73.1,73.8
2017-02-23,73.56,74.4,73.52,74.2
2017-02-24,73.81,74.2,73.76,74.02
2017-02-27,73.77,74.02,73.69,73.79
2017-02-28,73.79,74.2,73.6,73.69
2017-03-01,73.19,74.18,73.15,74.09
2017-03-02,73.35,73.86,73.31,73.77
2017-03-03,73.7,74.08,73.51,74.03
2017-03-06,74.13,74.38,74.03,74.33
2017-03-07,74.18,74.67,74.15,74.55
2017-03-08,74.2,74.31,73.93,74.05
2017-03-09,73.97,74.56,73.95,74.54
2017-03-10,74.55,74.86,74.45,74.72
2017-03-13,75.39,75.64,75.28,75.61
2017-03-14,75.46,75.69,75.46,75.58
2017-03-15,75.53,76.88,75.51,76.88
2017-03-16,76.98,77.3,76.87,77.14
2017-03-17,77.2,77.64,77.1,77.47
2017-03-20,77.5,77.7,77.4,77.53
2017-03-21,77.82,77.88,77.33,77.39
2017-03-22,77.36,77.89,77.34,77.77
2017-03-23,77.15,78.18,77.1,77.85
2017-03-24,77.76,78.2,77.73,77.89
2017-03-27,78.66,78.9,78.49,78.65
2017-03-28,78.17,78.48,77.9,77.95
2017-03-29,77.53,78.06,77.47,78.03
2017-03-30,77.7,77.84,77.05,77.15
2017-03-31,76.9,76.99,76.72,76.9
2017-04-03,76.86,77.13,76.52,76.89
2017-04-04,76.42,76.83,76.37,76.81
2017-04-05,76.43,76.61,76.02,76.04
2017-04-06,76.56,76.6,76.26,76.26
2017-04-07,74.47,75.11,74.29,74.7
2017-04-10,74.5,74.99,74.49,74.77
2017-04-11,74.88,75.46,74.78,75.44
2017-04-12,75.57,76.37,75.46,76.3
2017-04-13,75.89,76.07,75.66,76.07
2017-04-17,76.04,76.45,75.77,76.37
2017-04-18,76.26,76.42,75.98,76.35
2017-04-19,75.4,75.58,75.11,75.14
2017-04-20,75.71,76.06,75.62,75.79
2017-04-21,75.59,75.79,75.45,75.75
2017-04-24,77.1,77.55,77.0,77.41
2017-04-25,77.13,77.9,77.07,77.86
2017-04-26,77.58,77.9,77.52,77.67
2017-04-27,77.73,77.95,77.55,77.87
2017-04-28,77.56,77.56,76.84,77.0
2017-05-01,77.06,77.22,76.89,77.19
2017-05-02,77.36,79.32,77.33,77.8
2017-05-03,78.15,78.28,77.92,78.07
2017-05-04,78.67,79.98,78.56,79.85
2017-05-05,80.11,81.23,79.98,81.06
2017-05-08,80.82,80.94,80.4,80.4
2017-05-09,80.08,80.43,79.85,80.25
2017-05-10,80.24,80.29,79.91,80.05
2017-05-11,80.25,80.53,79.98,80.09
2017-05-12,80.68,81.24,80.64,81.11
2017-05-15,81.8,81.89,81.39,81.61
2017-05-16,82.98,83.44,82.91,83.27
2017-05-17,83.41,83.63,82.76,82.81
2017-05-18,83.09,83.23,82.54,82.81
2017-05-19,84.0,84.8,83.94,84.8
2017-05-22,85.81,85.9,85.26,85.28
2017-05-23,85.34,85.34,84.6,84.75
2017-05-24,84.03,84.33,83.87,84.16
2017-05-25,84.34,84.48,84.13,84.28
2017-05-26,84.14,85.19,84.09,84.83
2017-05-30,84.15,84.62,84.14,84.48
2017-05-31,85.5,85.65,84.88,85.16
2017-06-01,85.56,85.56,85.2,85.51
2017-06-02,85.65,86.45,85.52,86.45
2017-06-05,85.95,86.04,85.61,85.84
2017-06-06,86.46,86.85,86.4,86.85
2017-06-07,86.31,86.46,85.65,85.79
2017-06-08,84.47,84.5,83.31,83.87
2017-06-09,83.45,83.55,82.9,83.18
2017-06-12,83.17,83.24,82.85,83.09
2017-06-13,83.17,83.59,83.14,83.29
2017-06-14,83.8,84.07,82.91,83.16
2017-06-15,82.55,84.28,82.35,83.93
2017-06-16,85.24,85.81,85.1,85.7
2017-06-19,85.63,85.68,85.31,85.49
2017-06-20,86.15,86.4,85.64,86.1
2017-06-21,85.14,85.26,84.37,84.92
2017-06-22,84.32,84.52,84.12,84.43
2017-06-23,84.0,84.91,83.88,84.83
2017-06-26,88.3,88.46,87.75,88.17
2017-06-27,87.52,89.4,87.12,89.23
2017-06-28,88.88,89.16,88.6,89.05
2017-06-29,88.2,88.21,87.18,87.7
2017-06-30,87.6,87.83,87.02,87.2
2017-07-03,86.98,87.28,86.76,86.9
2017-07-05,85.38,85.48,85.17,85.48
2017-07-06,84.42,85.54,84.42,85.15
2017-07-07,84.8,85.16,84.55,85.08
2017-07-10,85.74,85.99,85.51,85.91
2017-07-11,84.72,85.6,84.7,85.6
2017-07-12,86.58,87.07,86.5,87.04
2017-07-13,86.64,87.0,86.45,86.92
2017-07-14,86.68,87.37,86.57,87.13
2017-07-17,86.96,87.02,86.66,86.83
2017-07-18,87.44,87.51,86.66,86.81
2017-07-19,87.57,87.66,87.22,87.26
2017-07-20,87.18,87.7,87.1,87.69
2017-07-21,87.47,87.72,87.1,87.6
2017-07-24,86.75,86.81,86.48,86.58
2017-07-25,86.88,86.97,86.4,86.54
2017-07-26,86.3,86.75,86.0,86.35
2017-07-27,85.31,85.49,84.02,84.4
2017-07-28,84.02,84.61,83.9,84.3
2017-07-31,84.95,84.95,84.2,84.29
2017-08-01,84.72,85.0,84.55,84.89
2017-08-02,84.9,85.05,84.63,84.95
2017-08-03,85.16,85.55,84.97,85.14
2017-08-04,85.09,85.63,84.99,85.36
2017-08-07,85.45,85.62,85.35,85.56
2017-08-08,85.49,85.74,85.03,85.07
2017-08-09,85.35,85.51,85.05,85.43
2017-08-10,84.91,85.0,84.39,84.56
2017-08-11,84.23,84.33,83.93,84.13
2017-08-14,84.45,84.97,84.42,84.79
2017-08-15,84.02,84.22,83.63,84.22
2017-08-16,83.99,84.56,83.89,84.49
2017-08-17,84.44,84.63,83.86,83.86
2017-08-18,84.37,84.54,83.76,83.76
2017-08-21,84.34,84.6,84.21,84.49
2017-08-22,84.39,85.08,84.37,84.99
2017-08-23,84.86,85.02,84.75,84.76
2017-08-24,84.89,84.96,84.06,84.08
2017-08-25,83.95,84.35,83.86,84.08
2017-08-28,84.65,84.66,83.95,84.0
2017-08-29,84.63,85.2,84.63,84.7
2017-08-30,84.07,84.52,84.0,84.12
2017-08-31,84.49,84.78,84.26,84.76
2017-09-01,84.71,84.78,84.08,84.17
2017-09-05,84.11,84.79,84.08,84.37
2017-09-06,84.34,84.63,84.26,84.26
2017-09-07,84.77,85.19,84.46,85.03
2017-09-08,85.16,85.3,84.98,85.13
2017-09-11,85.14,85.48,85.11,85.17
2017-09-12,84.51,84.87,84.39,84.69
2017-09-13,84.61,84.65,84.04,84.12
2017-09-14,83.78,84.05,83.5,83.94
2017-09-15,84.08,84.37,83.73,84.35
2017-09-18,84.9,85.04,84.22,84.43
2017-09-19,84.68,84.78,84.31,84.6
2017-09-20,84.63,84.63,83.15,83.45
2017-09-21,82.71,83.61,82.59,83.41
2017-09-22,83.48,83.52,82.87,82.87
2017-09-25,83.53,83.85,83.4,83.75
2017-09-26,85.0,85.32,84.96,85.3
2017-09-27,83.95,84.08,83.66,83.91
2017-09-28,83.26,83.62,83.21,83.6
2017-09-29,83.54,84.1,83.37,84.01
2017-10-02,84.39,84.79,84.15,84.7
2017-10-03,84.95,85.65,84.93,85.62
2017-10-04,85.66,85.84,85.33,85.37
2017-10-05,85.33,85.37,84.82,85.04
2017-10-06,84.73,84.95,84.64,84.82
2017-10-09,84.97,85.18,84.9,85.07
2017-10-10,85.85,86.0,85.74,85.86
2017-10-11,85.89,86.14,85.89,86.14
2017-10-12,86.36,86.6,86.23,86.57
2017-10-13,87.1,87.18,86.87,87.09
2017-10-16,86.5,86.71,86.26,86.37
2017-10-17,86.07,86.28,85.54,85.77
2017-10-18,86.22,86.61,86.14,86.3
2017-10-19,86.39,86.44,86.0,86.04
2017-10-20,85.03,85.06,84.58,84.8
2017-10-23,84.29,84.43,83.75,83.81
2017-10-24,83.87,84.0,83.62,83.63
2017-10-25,83.17,83.66,82.24,82.63
2017-10-26,83.18,83.32,82.8,83.21
2017-10-27,82.64,82.73,82.14,82.65
2017-10-30,82.74,83.21,82.69,83.15
2017-10-31,83.62,84.28,83.6,84.23
2017-11-01,83.84,84.09,83.4,83.61
2017-11-02,83.86,84.23,83.62,84.2
2017-11-03,84.45,84.89,84.23,84.76
2017-11-06,84.47,84.71,84.23,84.71
2017-11-07,83.9,84.09,83.51,83.73
2017-11-08,83.71,84.42,83.7,84.36
2017-11-09,84.13,84.35,83.76,84.33
2017-11-10,84.13,84.24,83.75,84.06
2017-11-13,84.6,85.08,84.54,84.84
2017-11-14,84.61,84.96,84.56,84.77
2017-11-15,85.01,85.03,84.4,84.42
2017-11-16,84.66,84.85,84.37,84.41
2017-11-17,84.61,85.29,84.48,85.11
2017-11-20,85.22,85.69,85.13,85.14
2017-11-21,85.83,86.2,85.57,85.6
2017-11-22,86.05,86.12,85.51,85.79
2017-11-24,87.18,87.31,86.81,87.1
2017-11-27,87.0,87.12,86.48,86.5
2017-11-28,87.74,87.78,87.32,87.6
2017-11-29,87.02,87.14,86.12,86.17
2017-11-30,86.29,86.31,85.32,85.41
2017-12-01,85.83,86.18,85.65,86.09
2017-12-04,86.13,86.14,85.44,85.51
2017-12-05,86.26,86.42,85.47,85.48
2017-12-06,86.73,87.24,86.46,86.64
2017-12-07,86.64,86.7,86.14,86.16
2017-12-08,85.86,86.17,85.74,86.05
2017-12-11,86.0,86.03,85.69,85.71
2017-12-12,85.76,86.19,85.66,86.06
2017-12-13,86.4,86.89,86.27,86.67
2017-12-14,86.26,86.3,85.81,85.96
2017-12-15,85.48,85.59,84.65,85.23
2017-12-18,85.23,85.52,85.11,85.12
2017-12-19,85.07,85.22,84.54,84.66
2017-12-20,84.31,84.55,83.69,83.87
2017-12-21,83.99,84.6,83.91,84.41
2017-12-22,84.62,84.79,84.39,84.42
2017-12-26,84.42,84.72,84.42,84.56
2017-12-27,85.15,85.38,84.97,85.19
2017-12-28,85.8,85.87,85.49,85.61
2017-12-29,85.74,86.17,85.57,85.97
2018-01-02,86.05,86.26,85.35,85.63
2018-01-03,84.85,85.49,84.81,85.28
2018-01-04,85.52,85.68,85.22,85.33
2018-01-05,85.6,85.79,85.33,85.72
2018-01-08,85.79,85.8,85.37,85.48
2018-01-09,85.9,86.0,85.51,85.89
2018-01-10,85.24,85.27,84.76,85.07
2018-01-11,84.73,84.86,84.29,84.52
2018-01-12,84.85,85.24,84.63,85.1
2018-01-16,86.08,86.27,85.7,86.2
2018-01-17,86.04,86.48,85.99,86.28
2018-01-18,86.22,86.43,85.96,86.25
2018-01-19,85.72,85.81,85.38,85.6
2018-01-22,85.79,85.91,85.59,85.8
2018-01-23,86.68,87.11,86.38,87.07
2018-01-24,87.55,87.85,86.87,86.97
2018-01-25,86.94,87.51,85.65,86.05
2018-01-26,86.58,86.86,86.43,86.76
2018-01-29,86.11,86.22,85.62,85.68
2018-01-30,86.28,86.38,85.81,85.97
2018-01-31,86.83,87.0,86.02,86.4
2018-02-01,86.54,86.95,86.29,86.76
2018-02-02,85.69,85.69,85.07,85.28
2018-02-05,84.04,84.52,79.89,82.69
2018-02-06,82.31,83.12,81.59,82.9
2018-02-07,82.83,83.18,82.21,82.29
2018-02-08,82.27,82.28,80.5,81.38
2018-02-09,81.59,81.77,80.0,81.48
2018-02-12,81.67,82.46,81.64,82.28
2018-02-13,81.82,81.96,81.48,81.66
2018-02-14,81.97,83.4,81.84,83.25
2018-02-15,81.51,82.25,81.28,82.03
2018-02-16,81.95,82.0,81.31,81.34
2018-02-20,80.1,80.39,79.84,79.86
2018-02-21,79.98,80.47,79.4,79.41
2018-02-22,80.31,80.97,80.2,80.58
2018-02-23,80.9,81.27,80.82,80.98
2018-02-26,81.56,81.81,81.2,81.73
2018-02-27,81.21,81.25,80.57,80.76
2018-02-28,80.68,80.68,79.52,79.53
2018-03-01,78.91,79.32,78.0,78.58
2018-03-02,79.14,79.23,78.18,78.94
2018-03-05,79.15,80.0,79.11,79.99
2018-03-06,79.78,79.91,79.52,79.65
2018-03-07,79.03,79.13,78.53,79.03
2018-03-08,79.47,79.89,79.43,79.73
2018-03-09,80.22,80.51,80.01,80.5
2018-03-12,80.53,80.75,80.51,80.69
2018-03-13,80.98,81.03,80.23,80.3
2018-03-14,80.94,81.02,80.6,80.72
2018-03-15,80.36,80.83,80.31,80.51
2018-03-16,80.58,80.76,80.36,80.6
2018-03-19,79.71,80.11,79.52,80.0
2018-03-20,78.99,79.54,78.88,79.5
2018-03-21,78.96,79.12,78.28,78.55
2018-03-22,78.29,78.5,77.52,77.61
2018-03-23,78.33,78.39,77.07,77.11
2018-03-26,78.22,78.41,77.47,78.17
2018-03-27,77.91,78.14,77.07,77.33
2018-03-28,78.49,79.62,78.21,78.93
2018-03-29,79.19,79.6,78.92,79.05
2018-04-02,79.14,79.25,77.7,78.18
2018-04-03,78.31,78.31,77.33,77.97
2018-04-04,77.18,78.25,77.09,78.17
2018-04-05,78.09,78.72,77.94,78.51
2018-04-06,79.2,79.44,78.75,79.05
2018-04-09,79.6,80.0,79.32,79.51
2018-04-10,79.72,80.33,79.7,80.3
2018-04-11,80.0,80.3,79.7,79.8
2018-04-12,79.12,79.34,78.85,78.89
2018-04-13,79.49,79.73,79.16,79.61
2018-04-16,77.87,77.9,77.49,77.5
2018-04-17,77.71,78.09,77.57,77.83
2018-04-18,77.64,77.8,77.45,77.51
2018-04-19,77.62,77.87,77.19,77.32
2018-04-20,76.76,77.23,76.69,76.83
2018-04-23,76.52,76.71,76.4,76.62
2018-04-24,77.34,77.39,76.41,76.56
2018-04-25,76.27,76.5,76.02,76.44
2018-04-26,77.35,77.38,77.01,77.2
2018-04-27,77.24,77.6,76.85,77.52
2018-04-30,77.71,77.8,77.28,77.36
2018-05-01,77.26,77.49,76.51,76.77
2018-05-02,76.43,76.72,76.02,76.1
2018-05-03,76.23,76.29,75.85,76.05
2018-05-04,75.84,76.38,75.8,76.3
2018-05-07,77.34,77.44,77.08,77.35
2018-05-08,76.66,76.97,76.29,76.67
2018-05-09,76.87,77.26,76.74,77.09
2018-05-10,77.13,77.36,77.02,77.31
2018-05-11,77.69,77.85,77.33,77.41
2018-05-14,77.75,77.76,77.09,77.14
2018-05-15,76.42,76.99,76.29,76.55
2018-05-16,76.89,77.08,76.68,76.73
2018-05-17,76.79,77.0,76.7,76.95
2018-05-18,77.3,77.42,77.0,77.16
2018-05-21,77.17,77.72,77.17,77.72
2018-05-22,76.85,77.1,76.34,76.4
2018-05-23,76.25,76.29,75.63,75.96
2018-05-24,76.55,76.77,76.29,76.7
2018-05-25,76.71,77.08,76.6,76.82
2018-05-29,76.65,76.92,76.35,76.55
2018-05-30,76.74,76.75,76.01,76.23
2018-05-31,76.26,76.35,75.37,75.67
2018-06-01,75.74,76.13,75.6,76.02
2018-06-04,76.43,76.5,76.0,76.07
2018-06-05,76.19,76.19,75.47,75.73
2018-06-06,74.71,75.37,74.4,75.37
2018-06-07,74.76,75.02,74.65,74.78
2018-06-08,74.42,74.78,74.31,74.73
2018-06-11,75.56,75.58,75.32,75.36
2018-06-12,75.67,75.76,75.43,75.45
2018-06-13,75.78,76.0,75.52,75.79
2018-06-14,74.58,75.17,74.39,74.73
2018-06-15,74.96,74.99,74.63,74.76
2018-06-18,73.87,74.02,73.59,73.86
2018-06-19,74.01,74.41,73.92,74.35
2018-06-20,74.97,75.05,74.64,74.69
2018-06-21,74.9,75.01,74.04,74.07
2018-06-22,75.04,76.08,74.95,75.83
2018-06-25,75.94,76.03,75.61,75.66
2018-06-26,75.74,76.12,75.57,75.8
2018-06-27,76.24,76.54,75.56,75.59
2018-06-28,76.39,76.67,76.31,76.5
2018-06-29,77.02,77.44,76.68,77.43
2018-07-02,77.48,78.05,77.48,77.91
2018-07-03,79.49,79.77,79.13,79.43
2018-07-05,79.74,80.02,79.54,79.99
2018-07-06,80.41,80.8,80.36,80.56
2018-07-09,80.58,80.66,80.04,80.07
2018-07-10,80.06,80.25,79.95,80.13
2018-07-11,79.85,80.25,79.59,79.75
2018-07-12,79.53,79.81,79.28,79.39
2018-07-13,79.25,79.7,79.22,79.7
2018-07-16,79.83,80.12,79.77,79.91
2018-07-17,79.07,79.37,79.04,79.14
2018-07-18,79.6,79.73,79.22,79.61
2018-07-19,80.17,80.41,79.74,80.19
2018-07-20,80.87,81.5,80.8,81.43
2018-07-23,81.58,81.64,81.06,81.11
2018-07-24,80.47,80.85,80.33,80.4
2018-07-25,80.33,80.89,80.03,80.86
2018-07-26,82.1,82.19,81.66,81.66
2018-07-27,81.66,81.85,81.52,81.56
2018-07-30,81.96,82.17,81.81,82.0
2018-07-31,81.81,81.85,81.35,81.51
2018-08-01,81.35,81.59,80.86,81.03
2018-08-02,81.59,81.74,81.09,81.43
2018-08-03,81.32,82.03,81.3,81.96
2018-08-06,81.67,82.0,81.58,81.82
2018-08-07,82.25,82.42,82.2,82.35
2018-08-08,82.29,82.46,82.05,82.43
2018-08-09,82.36,82.53,82.28,82.3
2018-08-10,81.41,81.56,80.76,81.01
2018-08-13,81.11,81.26,80.96,81.06
2018-08-14,81.5,81.74,81.37,81.63
2018-08-15,81.04,81.79,80.96,81.75
2018-08-16,81.48,81.69,81.42,81.48
2018-08-17,81.28,82.12,81.26,82.05
2018-08-20,82.16,82.54,82.08,82.49
2018-08-21,83.06,83.2,82.81,83.02
2018-08-22,83.15,83.16,82.58,82.71
2018-08-23,82.87,82.96,82.45,82.64
2018-08-24,82.72,83.08,82.66,82.78
2018-08-27,82.97,83.4,82.95,83.38
2018-08-28,83.34,83.56,83.06,83.09
2018-08-29,83.77,83.95,83.57,83.95
2018-08-30,83.65,83.81,83.35,83.43
2018-08-31,83.85,84.15,83.55,83.75
2018-09-04,82.33,82.65,82.28,82.61
2018-09-05,82.12,82.5,82.08,82.31
2018-09-06,82.28,82.97,82.25,82.93
2018-09-07,82.88,83.44,82.66,82.94
2018-09-10,83.41,83.75,83.28,83.35
2018-09-11,83.21,83.22,82.62,82.96
2018-09-12,83.43,83.87,83.4,83.79
2018-09-13,84.16,84.18,83.82,84.03
2018-09-14,84.22,84.22,83.87,84.01
2018-09-17,83.86,84.07,83.71,83.71
2018-09-18,83.71,83.94,83.2,83.24
2018-09-19,82.66,82.88,82.53,82.75
2018-09-20,84.02,84.46,83.88,84.37
2018-09-21,84.31,84.59,83.97,83.98
2018-09-24,84.31,84.59,82.67,82.67
2018-09-25,82.71,82.97,82.6,82.81
2018-09-26,82.98,83.77,82.94,83.69
2018-09-27,83.25,83.6,83.02,83.03
2018-09-28,83.44,83.94,83.17,83.2
2018-10-01,83.55,83.6,83.31,83.54
2018-10-02,83.27,83.59,83.16,83.47
2018-10-03,83.8,84.0,83.59,83.59
2018-10-04,82.26,82.49,82.04,82.49
2018-10-05,81.48,81.74,81.1,81.44
2018-10-08,81.26,81.68,81.25,81.66
2018-10-09,80.94,81.63,80.91,81.51
2018-10-10,82.25,82.37,80.95,81.04
2018-10-11,80.44,80.48,78.96,79.17
2018-10-12,80.22,80.22,78.98,79.45
2018-10-15,79.91,80.08,79.66,79.78
2018-10-16,80.68,81.0,80.6,80.94
2018-10-17,80.11,80.18,79.39,79.6
2018-10-18,79.65,80.06,79.29,79.51
2018-10-19,81.77,82.98,81.7,82.86
2018-10-22,83.38,83.59,83.01,83.49
2018-10-23,83.93,84.03,82.79,83.85
2018-10-24,83.96,84.07,83.01,83.24
2018-10-25,83.94,84.17,83.61,83.94
2018-10-26,84.13,84.3,83.29,83.84
2018-10-29,83.42,83.69,82.65,82.89
2018-10-30,83.38,84.23,83.25,84.16
2018-10-31,84.16,84.62,83.92,84.28
2018-11-01,84.7,84.88,84.33,84.8
2018-11-02,84.2,84.33,83.29,83.75
2018-11-05,84.23,84.28,83.81,83.95
2018-11-06,84.01,84.19,83.8,84.18
2018-11-07,84.47,84.67,84.29,84.67
2018-11-08,84.68,84.88,84.23,84.37
2018-11-09,84.78,84.94,84.58,84.87
2018-11-12,84.46,84.59,84.12,84.12
2018-11-13,83.71,84.33,83.59,84.27
2018-11-14,84.07,84.07,83.19,83.39
2018-11-15,83.99,84.0,83.13,83.65
2018-11-16,83.62,84.5,83.62,84.27
2018-11-19,84.09,84.26,83.4,83.53
2018-11-20,83.53,84.13,83.45,83.77
2018-11-21,83.86,84.7,83.75,84.39
2018-11-23,84.24,84.9,84.14,84.6
2018-11-26,84.64,84.83,84.48,84.66
2018-11-27,84.89,84.92,84.41,84.8
2018-11-28,84.66,85.08,84.07,85.05
2018-11-29,85.45,85.59,85.24,85.39
2018-11-30,85.41,85.51,85.03,85.22
2018-12-03,85.37,85.57,84.97,85.45
2018-12-04,86.32,86.5,85.32,85.4
2018-12-06,84.33,84.75,83.61,84.73
2018-12-07,85.49,85.69,85.0,85.21
2018-12-10,85.38,85.39,83.92,84.47
2018-12-11,85.55,85.59,84.91,85.19
2018-12-12,85.89,86.41,85.71,86.1
2018-12-13,86.01,86.1,84.9,85.14
2018-12-14,84.46,84.61,83.43,83.5
2018-12-17,84.05,84.07,82.51,82.78
2018-12-18,82.8,82.9,81.85,81.97
2018-12-19,82.51,82.72,81.29,81.5
2018-12-20,81.95,81.95,81.05,81.26
2018-12-21,81.71,82.29,80.78,80.78
2018-12-24,81.08,81.29,79.93,80.04
2018-12-26,80.66,80.95,79.66,80.9
2018-12-27,79.36,80.59,78.62,79.53
2018-12-28,81.53,81.58,80.61,80.72
2018-12-31,80.97,81.25,80.7,80.96
2019-01-02,80.6,80.84,80.04,80.17
2019-01-03,81.95,82.38,81.89,82.21
2019-01-04,82.48,83.6,82.23,83.59
2019-01-07,82.77,82.9,82.39,82.71
2019-01-08,83.17,83.36,82.76,82.97
2019-01-09,83.39,83.9,83.37,83.74
2019-01-10,84.37,84.82,84.28,84.39
2019-01-11,84.43,84.8,84.31,84.51
2019-01-14,84.36,84.79,84.35,84.43
2019-01-15,84.58,85.09,84.49,84.69
2019-01-16,83.94,84.14,83.7,84.01
2019-01-17,84.03,84.61,84.03,84.52
2019-01-18,84.84,85.01,84.51,84.63
2019-01-22,84.66,84.72,84.09,84.17
2019-01-23,84.9,85.04,84.5,84.65
2019-01-24,85.22,85.25,84.72,85.13
2019-01-25,84.68,85.05,84.3,84.54
2019-01-28,84.66,85.37,84.62,85.3
2019-01-29,86.18,86.82,86.16,86.75
2019-01-30,86.79,87.21,86.59,87.06
2019-01-31,86.79,87.25,86.56,87.24
2019-02-01,86.85,87.01,86.44,86.66
2019-02-04,86.2,86.24,85.79,86.23
2019-02-05,86.91,87.46,86.84,87.26
2019-02-06,87.26,87.29,86.57,86.62
2019-02-07,86.76,86.78,85.95,86.15
2019-02-08,86.19,86.79,86.06,86.74
2019-02-11,86.15,86.34,86.0,86.11
2019-02-12,85.37,85.97,85.32,85.79
2019-02-13,85.7,86.04,85.61,85.8
2019-02-14,88.02,88.08,87.25,87.55
2019-02-15,88.38,88.9,88.33,88.82
2019-02-19,89.23,89.54,89.13,89.26
2019-02-20,90.47,90.72,90.3,90.54
2019-02-21,91.42,91.77,91.27,91.63
2019-02-22,90.54,91.21,90.48,91.04
2019-02-25,91.29,91.35,90.72,91.0
2019-02-26,91.31,91.58,91.1,91.1
2019-02-27,90.36,90.67,89.95,89.98
2019-02-28,90.77,90.89,90.33,90.33
2019-03-01,90.7,90.94,90.55,90.76
2019-03-04,91.25,91.27,90.61,90.95
2019-03-05,90.81,91.72,90.78,91.63
2019-03-06,90.99,91.39,90.83,91.22
2019-03-07,92.15,92.25,91.46,91.51
2019-03-08,91.82,92.32,91.72,91.94
2019-03-11,91.68,92.22,91.64,92.16
2019-03-12,91.89,92.34,91.8,92.25
2019-03-13,92.85,93.14,92.38,93.05
2019-03-14,93.9,94.38,93.85,94.1
2019-03-15,94.15,94.25,93.47,93.5
2019-03-18,94.0,94.36,93.84,94.32
2019-03-19,94.98,95.07,94.31,94.46
2019-03-20,94.52,95.64,94.3,95.1
2019-03-21,95.92,96.2,95.76,96.2
2019-03-22,94.88,95.29,94.15,94.17
2019-03-25,94.58,94.9,94.32,94.57
2019-03-26,95.52,96.12,95.38,95.74
2019-03-27,95.48,96.14,95.17,95.6
2019-03-28,95.87,96.04,95.36,95.53
2019-03-29,95.29,95.4,95.07,95.32
2019-04-01,95.11,95.17,94.56,94.71
2019-04-02,94.66,94.99,94.44,94.91
2019-04-03,95.09,95.8,95.04,95.69
2019-04-04,95.13,95.55,95.1,95.54
2019-04-05,95.5,95.88,95.46,95.6
2019-04-08,96.02,96.04,95.49,95.63
2019-04-09,96.25,96.8,96.06,96.69
2019-04-10,96.53,96.99,96.49,96.66
2019-04-11,96.13,96.27,95.81,96.05
2019-04-12,95.23,95.71,95.05,95.55
2019-04-15,93.72,94.14,93.51,94.08
2019-04-16,94.25,94.48,93.98,94.11
2019-04-17,93.54,94.36,93.46,94.34
2019-04-18,94.54,94.77,94.23,94.71
2019-04-22,94.85,94.85,94.38,94.78
2019-04-23,94.72,95.31,94.65,95.09
2019-04-24,95.38,95.7,95.06,95.28
2019-04-25,94.72,95.57,94.67,95.35
2019-04-26,95.4,95.85,95.25,95.8
2019-04-29,95.46,95.86,95.38,95.79
2019-04-30,95.83,96.63,95.77,96.53
2019-05-01,96.56,96.98,96.0,96.12
2019-05-02,95.72,95.79,95.4,95.65
2019-05-03,95.85,95.88,95.5,95.76
2019-05-06,95.48,96.24,95.47,96.15
2019-05-07,95.84,95.84,95.12,95.31
2019-05-08,96.49,96.89,96.36,96.64
2019-05-09,96.29,96.37,95.54,96.01
2019-05-10,96.18,97.0,96.16,97.0
2019-05-13,96.39,97.0,96.19,96.81
2019-05-14,96.7,96.85,96.5,96.62
2019-05-15,96.88,97.99,96.87,97.9
2019-05-16,98.55,99.46,98.53,99.34
2019-05-17,98.92,99.13,98.67,98.8
2019-05-20,98.5,98.9,98.25,98.66
2019-05-21,98.42,98.5,97.84,98.01
2019-05-22,98.25,99.08,98.14,98.91
2019-05-23,98.56,99.02,98.41,98.83
2019-05-24,98.98,99.15,98.7,99.08
2019-05-28,98.31,98.42,97.5,97.69
2019-05-29,97.46,97.84,97.3,97.75
2019-05-30,97.47,98.01,97.47,97.99
2019-05-31,99.19,99.33,98.86,99.16
2019-06-03,100.67,102.0,100.37,101.97
2019-06-04,101.16,101.19,99.91,100.4
2019-06-05,101.0,101.34,100.83,100.95
2019-06-06,101.2,101.73,101.17,101.42
2019-06-07,102.22,103.12,102.18,102.46
2019-06-10,101.95,102.43,101.84,102.18
2019-06-11,102.01,102.06,101.68,101.81
2019-06-12,102.34,102.63,101.91,101.94
2019-06-13,101.86,101.92,101.28,101.39
2019-06-14,101.87,101.98,101.39,101.71
2019-06-17,101.38,101.95,101.36,101.75
2019-06-18,102.53,102.55,101.99,102.22
2019-06-19,101.45,102.05,101.08,101.95
2019-06-20,103.88,104.1,103.7,103.83
2019-06-21,103.14,103.9,103.09,103.41
2019-06-24,104.08,104.38,103.7,103.7
2019-06-25,103.7,103.99,103.09,103.14
2019-06-26,103.33,103.43,102.65,102.69
2019-06-27,102.54,102.76,102.35,102.76
2019-06-28,103.54,103.78,103.28,103.4
2019-07-01,102.66,102.79,101.76,102.14
2019-07-02,103.5,103.93,103.5,103.82
2019-07-03,103.65,104.11,103.61,103.84
2019-07-05,103.06,103.28,102.63,103.28
2019-07-08,103.88,104.21,103.7,103.87
2019-07-09,103.29,103.89,103.29,103.72
2019-07-10,103.94,104.2,103.42,103.82
2019-07-11,103.8,103.82,102.87,102.94
2019-07-12,103.11,103.37,102.72,102.83
2019-07-15,103.94,104.16,103.53,103.7
2019-07-16,103.33,103.59,103.01,103.24
2019-07-17,104.91,105.23,104.41,104.6
2019-07-18,104.79,105.62,104.61,105.57
2019-07-19,105.02,105.2,104.09,104.42
2019-07-22,104.57,104.88,104.47,104.59
2019-07-23,105.06,105.19,104.59,104.63
2019-07-24,104.01,104.55,103.81,104.26
2019-07-25,104.03,104.08,102.51,103.24
2019-07-26,105.42,105.5,104.63,104.8
2019-07-29,106.53,106.59,105.86,106.21
2019-07-30,106.13,106.33,105.81,106.32
2019-07-31,106.29,107.1,105.37,106.08
2019-08-01,105.82,107.6,105.82,107.12
2019-08-02,107.5,107.5,106.29,107.14
2019-08-05,106.08,106.16,104.78,105.04
2019-08-06,105.71,105.93,104.74,105.49
2019-08-07,106.1,107.51,106.0,107.29
2019-08-08,107.62,108.8,107.41,108.6
2019-08-09,109.45,110.0,109.05,109.79
2019-08-12,110.22,110.6,109.35,109.63
2019-08-13,109.39,109.7,109.11,109.35
2019-08-14,108.99,109.32,108.44,108.61
2019-08-15,108.89,109.43,108.35,108.85
2019-08-16,109.55,110.49,109.55,110.04
2019-08-19,110.72,111.42,110.7,110.95
2019-08-20,111.14,111.15,110.02,110.18
2019-08-21,111.1,111.19,110.51,110.52
2019-08-22,109.86,110.4,109.73,110.38
2019-08-23,110.51,110.98,109.79,109.99
2019-08-26,110.45,110.71,110.15,110.42
2019-08-27,110.45,111.15,110.24,110.79
2019-08-28,111.02,111.44,110.68,111.16
2019-08-29,112.11,112.2,111.6,111.76
2019-08-30,112.48,112.86,111.9,112.39
2019-09-03,112.28,112.76,112.13,112.37
2019-09-04,113.2,114.5,113.11,114.35
2019-09-05,114.37,114.39,113.2,113.22
2019-09-06,113.48,114.87,113.45,114.65
2019-09-09,112.83,112.9,111.69,111.71
2019-09-10,109.46,110.3,108.89,109.5
2019-09-11,108.33,110.38,108.33,109.75
2019-09-12,110.3,111.19,110.09,110.91
2019-09-13,108.13,108.6,107.13,107.15
2019-09-16,106.59,106.67,105.85,105.89
2019-09-17,106.92,107.96,106.87,107.5
2019-09-18,107.63,107.81,106.77,107.02
2019-09-19,107.53,108.18,107.52,107.75
2019-09-20,107.99,108.22,107.04,107.65
2019-09-23,108.65,108.78,108.15,108.22
2019-09-24,108.87,109.74,108.82,109.42
2019-09-25,108.64,108.69,107.53,107.6
2019-09-26,108.93,109.27,108.36,108.58
2019-09-27,109.01,109.1,108.08,108.55
2019-09-30,107.97,108.73,107.96,108.4
2019-10-01,107.21,107.3,106.35,107.16
2019-10-02,106.65,106.9,105.26,105.56
2019-10-03,105.59,106.71,105.57,106.54
2019-10-04,107.19,107.85,107.18,107.8
2019-10-07,108.28,108.88,108.27,108.46
2019-10-08,108.51,108.59,107.46,107.58
2019-10-09,107.96,108.36,107.8,108.32
2019-10-10,107.2,108.02,107.08,107.64
2019-10-11,106.76,107.07,106.58,107.0
2019-10-14,106.97,107.09,106.04,106.04
2019-10-15,106.3,106.57,105.95,106.18
2019-10-16,106.23,106.48,106.0,106.29
2019-10-17,105.32,105.87,104.85,105.11
2019-10-18,105.0,105.07,104.5,104.59
2019-10-21,103.65,103.9,103.25,103.29
2019-10-22,103.38,103.82,103.24,103.27
2019-10-23,103.47,103.72,103.27,103.65
2019-10-24,104.76,105.07,104.6,104.96
2019-10-25,105.07,105.46,104.97,105.39
2019-10-28,105.15,105.6,104.93,105.19
2019-10-29,104.65,106.92,104.51,105.64
2019-10-30,106.95,107.1,106.2,107.03
2019-10-31,107.43,107.71,106.7,107.16
2019-11-01,107.2,107.22,106.22,106.66
2019-11-04,106.23,106.4,105.51,105.55
2019-11-05,104.74,104.79,104.18,104.73
2019-11-06,105.79,105.89,105.43,105.58
2019-11-07,104.71,105.0,104.4,104.43
2019-11-08,104.5,104.86,104.36,104.48
2019-11-11,104.7,105.12,104.64,105.08
2019-11-12,104.6,104.73,104.3,104.49
2019-11-13,105.6,106.05,105.53,106.01
2019-11-14,104.83,105.14,104.69,104.76
2019-11-15,105.1,105.44,104.91,105.28
2019-11-18,105.46,105.8,105.26,105.3
2019-11-19,104.9,105.18,104.63,104.72
2019-11-20,105.06,105.16,104.67,105.12
2019-11-21,104.37,104.67,103.78,103.87
2019-11-22,104.42,104.47,103.42,103.65
2019-11-25,104.28,104.65,104.22,104.5
2019-11-26,104.35,104.97,104.17,104.36
2019-11-27,104.15,104.54,104.02,104.38
2019-11-29,103.88,104.29,103.69,103.94
2019-12-02,103.76,103.82,103.02,103.67
2019-12-03,103.42,103.66,103.0,103.26
2019-12-04,103.46,103.8,103.1,103.69
2019-12-05,103.63,103.88,103.51,103.84
2019-12-06,104.81,104.87,104.56,104.79
2019-12-09,104.98,105.28,104.75,104.97
2019-12-10,104.23,104.65,104.06,104.3
2019-12-11,104.34,105.06,104.34,104.73
2019-12-12,104.61,104.99,104.14,104.49
2019-12-13,104.53,104.9,104.23,104.69
2019-12-16,106.15,106.42,105.59,105.91
2019-12-17,104.92,105.56,104.92,105.37
2019-12-18,106.91,107.1,105.77,106.05
2019-12-19,105.96,106.72,105.83,106.54
2019-12-20,107.73,108.23,107.62,108.09
2019-12-23,108.53,108.84,108.33,108.8
2019-12-24,108.16,108.85,108.16,108.59
2019-12-26,108.6,108.92,108.15,108.71
2019-12-27,109.08,109.41,108.86,108.98
2019-12-30,108.86,108.91,107.82,107.85
2019-12-31,108.07,108.8,107.43,108.26
